"Date","Clicks","Impressions","CTR","Position"
"2026-08-13","0.0","10.0","0.0","33.4"
"2026-08-14","0.0","29.0","0.0","22.0"
"2026-08-15","0.0","38.0","0.0","29.8"
"2026-08-16","1.0","48.0","0.0208","15.0"
"2026-08-17","2.0","87.0","0.023","12.3"
"2026-08-18","2.0","55.0","0.0364","13.9"
"2026-08-19","2.0","55.0","0.0364","20.4"
"2026-08-20","2.0","45.0","0.0444","22.4"
"2026-08-21","0.0","77.0","0.0","13.9"
"2026-08-22","1.0","57.0","0.0175","20.2"
"2026-08-23","0.0","50.0","0.0","10.7"
"2026-08-24","0.0","95.0","0.0","14.5"
"2026-08-25","1.0","61.0","0.016399999999999998","15.2"
"2026-08-26","1.0","47.0","0.0213","11.1"
"2026-08-27","1.0","94.0","0.0106","14.9"
"2026-08-28","3.0","117.0","0.0256","13.5"
"2026-08-29","1.0","228.0","0.0044","13.2"
"2026-08-30","0.0","145.0","0.0","13.7"
"2026-08-31","0.0","81.0","0.0","11.4"
"2026-09-01","1.0","38.0","0.0263","10.9"
"2026-09-02","0.0","56.0","0.0","14.1"
"2026-09-03","1.0","50.0","0.02","24.6"
"2026-09-04","0.0","45.0","0.0","25.0"
"2026-09-05","0.0","37.0","0.0","24.1"
"2026-09-06","1.0","21.0","0.047599999999999996","20.4"
"2026-09-07","0.0","27.0","0.0","19.7"
"2026-09-08","0.0","35.0","0.0","13.1"
"2026-09-09","0.0","19.0","0.0","12.3"
"2026-09-10","0.0","42.0","0.0","12.9"
"2026-09-11","0.0","23.0","0.0","10.8"
"2026-09-12","0.0","24.0","0.0","20.6"
"2026-09-13","0.0","48.0","0.0","18.9"
"2026-09-14","0.0","42.0","0.0","10.0"
"2026-09-15","1.0","69.0","0.014499999999999999","17.3"
"2026-09-16","5.0","196.0","0.0255","7.9"
"2026-09-17","1.0","163.0","0.0060999999999999995","10.8"
"2026-09-18","1.0","84.0","0.011899999999999999","9.7"
"2026-09-19","1.0","71.0","0.0141","14.5"
"2026-09-20","5.0","108.0","0.0463","9.4"
"2026-09-21","4.0","177.0","0.0226","8.7"
"2026-09-22","4.0","155.0","0.0258","8.6"
"2026-09-23","3.0","283.0","0.0106","10.8"
"2026-09-24","5.0","415.0","0.012","8.8"
"2026-09-25","7.0","492.0","0.014199999999999999","7.8"
"2026-09-26","6.0","427.0","0.0141","8.1"
"2026-09-27","9.0","572.0","0.015700000000000002","8.7"
"2026-09-28","15.0","762.0","0.0197","7.9"
"2026-09-29","10.0","618.0","0.016200000000000003","8.3"
"2026-09-30","9.0","605.0","0.0149","7.9"
"2026-10-01","6.0","662.0","0.0091","8.2"
"2026-10-02","13.0","1009.0","0.0129","6.2"
"2026-10-03","19.0","732.0","0.026000000000000002","7.3"
"2026-10-04","9.0","835.0","0.0108","7.2"
"2026-10-05","7.0","1005.0","0.006999999999999999","8.1"
"2026-10-06","22.0","1146.0","0.0192","8.2"