"Country","Clicks","Impressions","CTR","Position"
"Pakistan","162.0","11516.0","0.0141","8.98"
"United States","2.0","192.0","0.0104","9.04"
"India","2.0","187.0","0.010700000000000001","11.02"
"France","2.0","15.0","0.1333","12.67"
"Saudi Arabia","1.0","90.0","0.0111","6.98"
"United Kingdom","1.0","69.0","0.014499999999999999","11.64"
"Germany","1.0","26.0","0.0385","8.85"
"Oman","1.0","21.0","0.047599999999999996","7.05"
"Canada","1.0","21.0","0.047599999999999996","8.81"
"Qatar","1.0","19.0","0.0526","5.42"
"Netherlands","1.0","7.0","0.1429","5.14"
"Singapore","1.0","7.0","0.1429","22.43"
"Spain","1.0","7.0","0.1429","23.0"
"Mexico","1.0","7.0","0.1429","27.57"
"Turkey","1.0","7.0","0.1429","34.57"
"Ireland","1.0","6.0","0.16670000000000001","11.5"
"Ukraine","1.0","2.0","0.5","29.5"
"Cyprus","1.0","1.0","1.0","1.0"
"United Arab Emirates","0.0","88.0","0.0","7.3"
"Bangladesh","0.0","39.0","0.0","16.44"
"Philippines","0.0","17.0","0.0","58.41"
"Malaysia","0.0","14.0","0.0","35.5"
"Indonesia","0.0","12.0","0.0","36.08"
"Russia","0.0","11.0","0.0","11.55"
"Brazil","0.0","10.0","0.0","11.0"
"Australia","0.0","9.0","0.0","2.33"
"Hong Kong","0.0","9.0","0.0","4.89"
"Kuwait","0.0","6.0","0.0","5.67"
"Sweden","0.0","6.0","0.0","13.83"
"Vietnam","0.0","6.0","0.0","71.33"
"Bahrain","0.0","5.0","0.0","7.2"
"Greece","0.0","5.0","0.0","21.0"
"Italy","0.0","4.0","0.0","20.25"
"Nigeria","0.0","3.0","0.0","2.67"
"South Korea","0.0","3.0","0.0","5.67"
"Austria","0.0","3.0","0.0","6.33"
"Denmark","0.0","3.0","0.0","7.33"
"South Africa","0.0","3.0","0.0","8.33"
"Japan","0.0","3.0","0.0","9.33"
"Norway","0.0","3.0","0.0","9.33"
"Morocco","0.0","3.0","0.0","24.0"
"Egypt","0.0","3.0","0.0","46.33"
"Argentina","0.0","2.0","0.0","3.0"
"Kazakhstan","0.0","2.0","0.0","5.5"
"Kenya","0.0","2.0","0.0","5.5"
"Iran","0.0","2.0","0.0","11.0"
"Romania","0.0","2.0","0.0","11.0"
"Belgium","0.0","2.0","0.0","12.0"
"Switzerland","0.0","2.0","0.0","15.5"
"Peru","0.0","2.0","0.0","29.0"
"Thailand","0.0","2.0","0.0","49.0"
"Algeria","0.0","2.0","0.0","70.5"
"Libya","0.0","1.0","0.0","1.0"
"Niger","0.0","1.0","0.0","1.0"
"Nicaragua","0.0","1.0","0.0","1.0"
"Uzbekistan","0.0","1.0","0.0","1.0"
"Mozambique","0.0","1.0","0.0","2.0"
"Nepal","0.0","1.0","0.0","2.0"
"Myanmar (Burma)","0.0","1.0","0.0","3.0"
"Uganda","0.0","1.0","0.0","5.0"
"Honduras","0.0","1.0","0.0","6.0"
"Lithuania","0.0","1.0","0.0","9.0"
"Luxembourg","0.0","1.0","0.0","9.0"
"New Zealand","0.0","1.0","0.0","9.0"
"Ethiopia","0.0","1.0","0.0","10.0"
"Iraq","0.0","1.0","0.0","10.0"
"Poland","0.0","1.0","0.0","10.0"
"Portugal","0.0","1.0","0.0","10.0"
"Zambia","0.0","1.0","0.0","10.0"
"Congo - Kinshasa","0.0","1.0","0.0","11.0"
"Malta","0.0","1.0","0.0","11.0"
"Serbia","0.0","1.0","0.0","11.0"
"Afghanistan","0.0","1.0","0.0","20.0"
"Finland","0.0","1.0","0.0","33.0"
"China","0.0","1.0","0.0","35.0"
"Colombia","0.0","1.0","0.0","48.0"