Keyword,Topical Cluster,Sub-Topic,Search Intent,Recommended Site Page,Status,Owning Article Slug(s) / Location,Action / Phase,Notes
ehsaas tracking,8171 Portal & CNIC Check,8171 Tracking,Informational,/8171/,Published,ehsaas-tracking-check-payment-status; ehsaas-tracking-news; 8171-786-ehsaas-tracking-official-number,Phase 1 - Published (Live),
ehsaas tracking news,8171 Portal & CNIC Check,8171 Tracking,Informational,/8171/,Published,ehsaas-tracking-check-payment-status; ehsaas-tracking-news; 8171-786-ehsaas-tracking-official-number,Phase 1 - Published (Live),
ehsaas tracking pass gov pk,8171 Portal & CNIC Check,8171 Tracking,Navigational,/8171/,Published,ehsaas-tracking-check-payment-status; ehsaas-tracking-news; 8171-786-ehsaas-tracking-official-number,Phase 1 - Published (Live),
ehsas tracking pass.gov.pk,8171 Portal & CNIC Check,8171 Tracking,Navigational,/8171/,Published,ehsaas-tracking-check-payment-status; ehsaas-tracking-news; 8171-786-ehsaas-tracking-official-number,Phase 1 - Published (Live),
5771 check online,8171 Portal & CNIC Check,8171 Web Portal Status Check,Informational,/8171/,Published,8171-web-portal-not-working; check-bisp-status-by-cnic-online; check-bisp-eligibility-8171; 8171-register; /8171/ pillar,Phase 1 - Published (Live),Year-variant keywords intentionally not split into separate pages (doorway-page guard)
7181 check online 2023,8171 Portal & CNIC Check,8171 Web Portal Status Check,Informational,/8171/,Published,8171-web-portal-not-working; check-bisp-status-by-cnic-online; check-bisp-eligibility-8171; 8171-register; /8171/ pillar,Phase 1 - Published (Live),Year-variant keywords intentionally not split into separate pages (doorway-page guard)
786 web portal,8171 Portal & CNIC Check,8171 Web Portal Status Check,Navigational,/8171/,Published,8171-web-portal-not-working; check-bisp-status-by-cnic-online; check-bisp-eligibility-8171; 8171-register; /8171/ pillar,Phase 1 - Published (Live),Year-variant keywords intentionally not split into separate pages (doorway-page guard)
8171 bisp gov pk,8171 Portal & CNIC Check,8171 Web Portal Status Check,Navigational,/8171/,Published,8171-web-portal-not-working; check-bisp-status-by-cnic-online; check-bisp-eligibility-8171; 8171-register; /8171/ pillar,Phase 1 - Published (Live),Year-variant keywords intentionally not split into separate pages (doorway-page guard)
8171 check online,8171 Portal & CNIC Check,8171 Web Portal Status Check,Informational,/8171/,Published,8171-web-portal-not-working; check-bisp-status-by-cnic-online; check-bisp-eligibility-8171; 8171-register; /8171/ pillar,Phase 1 - Published (Live),Year-variant keywords intentionally not split into separate pages (doorway-page guard)
8171 check online 2022,8171 Portal & CNIC Check,8171 Web Portal Status Check,Informational,/8171/,Published,8171-web-portal-not-working; check-bisp-status-by-cnic-online; check-bisp-eligibility-8171; 8171-register; /8171/ pillar,Phase 1 - Published (Live),Year-variant keywords intentionally not split into separate pages (doorway-page guard)
8171 check online 2022 registration,8171 Portal & CNIC Check,8171 Web Portal Status Check,Navigational,/8171/,Published,8171-web-portal-not-working; check-bisp-status-by-cnic-online; check-bisp-eligibility-8171; 8171-register; /8171/ pillar,Phase 1 - Published (Live),Year-variant keywords intentionally not split into separate pages (doorway-page guard)
8171 check online 2023,8171 Portal & CNIC Check,8171 Web Portal Status Check,Informational,/8171/,Published,8171-web-portal-not-working; check-bisp-status-by-cnic-online; check-bisp-eligibility-8171; 8171-register; /8171/ pillar,Phase 1 - Published (Live),Year-variant keywords intentionally not split into separate pages (doorway-page guard)
8171 check online 2023 by cnic,8171 Portal & CNIC Check,8171 Web Portal Status Check,Informational,/8171/,Published,8171-web-portal-not-working; check-bisp-status-by-cnic-online; check-bisp-eligibility-8171; 8171-register; /8171/ pillar,Phase 1 - Published (Live),Year-variant keywords intentionally not split into separate pages (doorway-page guard)
8171 check online 2023 registration date,8171 Portal & CNIC Check,8171 Web Portal Status Check,Navigational,/8171/,Published,8171-web-portal-not-working; check-bisp-status-by-cnic-online; check-bisp-eligibility-8171; 8171-register; /8171/ pillar,Phase 1 - Published (Live),Year-variant keywords intentionally not split into separate pages (doorway-page guard)
8171 check online 2026,8171 Portal & CNIC Check,8171 Web Portal Status Check,Informational,/8171/,Published,8171-web-portal-not-working; check-bisp-status-by-cnic-online; check-bisp-eligibility-8171; 8171-register; /8171/ pillar,Phase 1 - Published (Live),Year-variant keywords intentionally not split into separate pages (doorway-page guard)
8171 check online 25000,8171 Portal & CNIC Check,8171 Web Portal Status Check,Informational,/8171/,Published,8171-web-portal-not-working; check-bisp-status-by-cnic-online; check-bisp-eligibility-8171; 8171-register; /8171/ pillar,Phase 1 - Published (Live),Year-variant keywords intentionally not split into separate pages (doorway-page guard)
8171 check online cnic 2025,8171 Portal & CNIC Check,8171 Web Portal Status Check,Informational,/8171/,Published,8171-web-portal-not-working; check-bisp-status-by-cnic-online; check-bisp-eligibility-8171; 8171-register; /8171/ pillar,Phase 1 - Published (Live),Year-variant keywords intentionally not split into separate pages (doorway-page guard)
8171 check online cnic 2026,8171 Portal & CNIC Check,8171 Web Portal Status Check,Informational,/8171/,Published,8171-web-portal-not-working; check-bisp-status-by-cnic-online; check-bisp-eligibility-8171; 8171-register; /8171/ pillar,Phase 1 - Published (Live),Year-variant keywords intentionally not split into separate pages (doorway-page guard)
8171 check online cnic 2026 payment,8171 Portal & CNIC Check,8171 Web Portal Status Check,Informational,/8171/,Published,8171-web-portal-not-working; check-bisp-status-by-cnic-online; check-bisp-eligibility-8171; 8171-register; /8171/ pillar,Phase 1 - Published (Live),Year-variant keywords intentionally not split into separate pages (doorway-page guard)
8171 check online cnic 8171 portal,8171 Portal & CNIC Check,8171 Web Portal Status Check,Navigational,/8171/,Published,8171-web-portal-not-working; check-bisp-status-by-cnic-online; check-bisp-eligibility-8171; 8171-register; /8171/ pillar,Phase 1 - Published (Live),Year-variant keywords intentionally not split into separate pages (doorway-page guard)
8171 check online cnic login 2026,8171 Portal & CNIC Check,8171 Web Portal Status Check,Navigational,/8171/,Published,8171-web-portal-not-working; check-bisp-status-by-cnic-online; check-bisp-eligibility-8171; 8171-register; /8171/ pillar,Phase 1 - Published (Live),Year-variant keywords intentionally not split into separate pages (doorway-page guard)
8171 online check 2023,8171 Portal & CNIC Check,8171 Web Portal Status Check,Informational,/8171/,Published,8171-web-portal-not-working; check-bisp-status-by-cnic-online; check-bisp-eligibility-8171; 8171-register; /8171/ pillar,Phase 1 - Published (Live),Year-variant keywords intentionally not split into separate pages (doorway-page guard)
8171 portal,8171 Portal & CNIC Check,8171 Web Portal Status Check,Navigational,/8171/,Published,8171-web-portal-not-working; check-bisp-status-by-cnic-online; check-bisp-eligibility-8171; 8171-register; /8171/ pillar,Phase 1 - Published (Live),Year-variant keywords intentionally not split into separate pages (doorway-page guard)
8171 portal 2023,8171 Portal & CNIC Check,8171 Web Portal Status Check,Navigational,/8171/,Published,8171-web-portal-not-working; check-bisp-status-by-cnic-online; check-bisp-eligibility-8171; 8171-register; /8171/ pillar,Phase 1 - Published (Live),Year-variant keywords intentionally not split into separate pages (doorway-page guard)
8171 portal 2026,8171 Portal & CNIC Check,8171 Web Portal Status Check,Navigational,/8171/,Published,8171-web-portal-not-working; check-bisp-status-by-cnic-online; check-bisp-eligibility-8171; 8171-register; /8171/ pillar,Phase 1 - Published (Live),Year-variant keywords intentionally not split into separate pages (doorway-page guard)
8171 register,8171 Portal & CNIC Check,8171 Web Portal Status Check,Navigational,/8171/,Published,8171-web-portal-not-working; check-bisp-status-by-cnic-online; check-bisp-eligibility-8171; 8171-register; /8171/ pillar,Phase 1 - Published (Live),Year-variant keywords intentionally not split into separate pages (doorway-page guard)
8171 web portal,8171 Portal & CNIC Check,8171 Web Portal Status Check,Navigational,/8171/,Published,8171-web-portal-not-working; check-bisp-status-by-cnic-online; check-bisp-eligibility-8171; 8171-register; /8171/ pillar,Phase 1 - Published (Live),Year-variant keywords intentionally not split into separate pages (doorway-page guard)
8171 web portal 13500 payment status,8171 Portal & CNIC Check,8171 Web Portal Status Check,Navigational,/8171/,Published,8171-web-portal-not-working; check-bisp-status-by-cnic-online; check-bisp-eligibility-8171; 8171-register; /8171/ pillar,Phase 1 - Published (Live),Year-variant keywords intentionally not split into separate pages (doorway-page guard)
8171 web portal 2025,8171 Portal & CNIC Check,8171 Web Portal Status Check,Navigational,/8171/,Published,8171-web-portal-not-working; check-bisp-status-by-cnic-online; check-bisp-eligibility-8171; 8171-register; /8171/ pillar,Phase 1 - Published (Live),Year-variant keywords intentionally not split into separate pages (doorway-page guard)
8171 web portal 2025 check online 13500,8171 Portal & CNIC Check,8171 Web Portal Status Check,Navigational,/8171/,Published,8171-web-portal-not-working; check-bisp-status-by-cnic-online; check-bisp-eligibility-8171; 8171-register; /8171/ pillar,Phase 1 - Published (Live),Year-variant keywords intentionally not split into separate pages (doorway-page guard)
8171 web portal 2025 check online 13500 pakistan,8171 Portal & CNIC Check,8171 Web Portal Status Check,Navigational,/8171/,Published,8171-web-portal-not-working; check-bisp-status-by-cnic-online; check-bisp-eligibility-8171; 8171-register; /8171/ pillar,Phase 1 - Published (Live),Year-variant keywords intentionally not split into separate pages (doorway-page guard)
8171 web portal registration,8171 Portal & CNIC Check,8171 Web Portal Status Check,Navigational,/8171/,Published,8171-web-portal-not-working; check-bisp-status-by-cnic-online; check-bisp-eligibility-8171; 8171-register; /8171/ pillar,Phase 1 - Published (Live),Year-variant keywords intentionally not split into separate pages (doorway-page guard)
8171 web portal registration 2025,8171 Portal & CNIC Check,8171 Web Portal Status Check,Navigational,/8171/,Published,8171-web-portal-not-working; check-bisp-status-by-cnic-online; check-bisp-eligibility-8171; 8171-register; /8171/ pillar,Phase 1 - Published (Live),Year-variant keywords intentionally not split into separate pages (doorway-page guard)
bisp 8171 eligibility check,8171 Portal & CNIC Check,8171 Web Portal Status Check,Informational,/8171/,Published,8171-web-portal-not-working; check-bisp-status-by-cnic-online; check-bisp-eligibility-8171; 8171-register; /8171/ pillar,Phase 1 - Published (Live),Year-variant keywords intentionally not split into separate pages (doorway-page guard)
bisp 8171 online apply,8171 Portal & CNIC Check,8171 Web Portal Status Check,Navigational,/8171/,Published,8171-web-portal-not-working; check-bisp-status-by-cnic-online; check-bisp-eligibility-8171; 8171-register; /8171/ pillar,Phase 1 - Published (Live),Year-variant keywords intentionally not split into separate pages (doorway-page guard)
bisp 8171 online registration,8171 Portal & CNIC Check,8171 Web Portal Status Check,Navigational,/8171/,Published,8171-web-portal-not-working; check-bisp-status-by-cnic-online; check-bisp-eligibility-8171; 8171-register; /8171/ pillar,Phase 1 - Published (Live),Year-variant keywords intentionally not split into separate pages (doorway-page guard)
bisp 8171 web portal,8171 Portal & CNIC Check,8171 Web Portal Status Check,Navigational,/8171/,Published,8171-web-portal-not-working; check-bisp-status-by-cnic-online; check-bisp-eligibility-8171; 8171-register; /8171/ pillar,Phase 1 - Published (Live),Year-variant keywords intentionally not split into separate pages (doorway-page guard)
ehsaas 8171 web portal,8171 Portal & CNIC Check,8171 Web Portal Status Check,Navigational,/8171/,Published,8171-web-portal-not-working; check-bisp-status-by-cnic-online; check-bisp-eligibility-8171; 8171-register; /8171/ pillar,Phase 1 - Published (Live),Year-variant keywords intentionally not split into separate pages (doorway-page guard)
ehsaas program 8171 check online 2023,8171 Portal & CNIC Check,8171 Web Portal Status Check,Informational,/8171/,Published,8171-web-portal-not-working; check-bisp-status-by-cnic-online; check-bisp-eligibility-8171; 8171-register; /8171/ pillar,Phase 1 - Published (Live),Year-variant keywords intentionally not split into separate pages (doorway-page guard)
ehsaas program 8171 online cnic check,8171 Portal & CNIC Check,8171 Web Portal Status Check,Informational,/8171/,Published,8171-web-portal-not-working; check-bisp-status-by-cnic-online; check-bisp-eligibility-8171; 8171-register; /8171/ pillar,Phase 1 - Published (Live),Year-variant keywords intentionally not split into separate pages (doorway-page guard)
web portal 8171,8171 Portal & CNIC Check,8171 Web Portal Status Check,Navigational,/8171/,Published,8171-web-portal-not-working; check-bisp-status-by-cnic-online; check-bisp-eligibility-8171; 8171-register; /8171/ pillar,Phase 1 - Published (Live),Year-variant keywords intentionally not split into separate pages (doorway-page guard)
web portal 8171 check,8171 Portal & CNIC Check,8171 Web Portal Status Check,Navigational,/8171/,Published,8171-web-portal-not-working; check-bisp-status-by-cnic-online; check-bisp-eligibility-8171; 8171-register; /8171/ pillar,Phase 1 - Published (Live),Year-variant keywords intentionally not split into separate pages (doorway-page guard)
bisp registration check by cnic,8171 Portal & CNIC Check,CNIC-Based Status Check,Navigational,/8171/,Published,check-bisp-status-by-cnic-online; bisp-registration-check-by-cnic-kaise-karein,Phase 1 - Published (Live),Published both English and Roman Urdu dedicated operational guides
ehsaas program cnic check,8171 Portal & CNIC Check,CNIC-Based Status Check,Informational,/8171/,Published,check-bisp-status-by-cnic-online,Phase 1 - Published (Live),
ehsaas program cnic check online,8171 Portal & CNIC Check,CNIC-Based Status Check,Informational,/8171/,Published,check-bisp-status-by-cnic-online,Phase 1 - Published (Live),
ehsaas program cnic check online 14000,8171 Portal & CNIC Check,CNIC-Based Status Check,Informational,/8171/,Published,check-bisp-status-by-cnic-online,Phase 1 - Published (Live),
ehsaas program cnic check online 2021,8171 Portal & CNIC Check,CNIC-Based Status Check,Informational,/8171/,Published,check-bisp-status-by-cnic-online,Phase 1 - Published (Live),
online cnic verification,8171 Portal & CNIC Check,CNIC-Based Status Check,Informational,/8171/,Published,check-bisp-status-by-cnic-online,Phase 1 - Published (Live),
bisp login username and password,8171 Portal & CNIC Check,Portal Login,Navigational,/8171/,Published,bisp-login-username-password,Phase 1 - Published (Live),
eligibility criteria for bisp,BISP Registration & Application,Eligibility Criteria,Informational,/bisp-registration/,Published,bisp-eligibility-criteria-guide,Phase 2 - Published (2026-09-17),Closed in Phase 2
how to check bisp eligibility,BISP Registration & Application,Eligibility Criteria,Informational,/bisp-registration/,Published,how-to-check-bisp-eligibility-guide,Phase 2 - Published (2026-09-17),Closed in Phase 2
benazir form,BISP Registration & Application,General BISP / Benazir Programme,Informational,/bisp-registration/,Published,benazir-form; check-bisp-account-status; /bisp-registration/ pillar,Phase 1 - Published (Live),
benazir income support program,BISP Registration & Application,General BISP / Benazir Programme,Informational,/bisp-registration/,Published,benazir-form; check-bisp-account-status; /bisp-registration/ pillar,Phase 1 - Published (Live),
benazir income support program check account,BISP Registration & Application,General BISP / Benazir Programme,Informational,/bisp-registration/,Published,benazir-form; check-bisp-account-status; /bisp-registration/ pillar,Phase 1 - Published (Live),
benazir income support program online check,BISP Registration & Application,General BISP / Benazir Programme,Informational,/bisp-registration/,Published,benazir-form; check-bisp-account-status; /bisp-registration/ pillar,Phase 1 - Published (Live),
benazir income support programme card,BISP Registration & Application,General BISP / Benazir Programme,Informational,/bisp-registration/,Published,benazir-form; check-bisp-account-status; /bisp-registration/ pillar,Phase 1 - Published (Live),
benazir program,BISP Registration & Application,General BISP / Benazir Programme,Informational,/bisp-registration/,Published,benazir-form; check-bisp-account-status; /bisp-registration/ pillar,Phase 1 - Published (Live),
bisp,BISP Registration & Application,General BISP / Benazir Programme,Informational,/bisp-registration/,Published,benazir-form; check-bisp-account-status; /bisp-registration/ pillar,Phase 1 - Published (Live),
bisp registration,BISP Registration & Application,General BISP / Benazir Programme,Navigational,/bisp-registration/,Published,benazir-form; check-bisp-account-status; /bisp-registration/ pillar,Phase 1 - Published (Live),
bisp score check,BISP Registration & Application,General BISP / Benazir Programme,Informational,/bisp-registration/,Published,benazir-form; check-bisp-account-status; /bisp-registration/ pillar,Phase 1 - Published (Live),
bisp verification,BISP Registration & Application,General BISP / Benazir Programme,Informational,/bisp-registration/,Published,benazir-form; check-bisp-account-status; /bisp-registration/ pillar,Phase 1 - Published (Live),
online benazir,BISP Registration & Application,General BISP / Benazir Programme,Informational,/bisp-registration/,Published,benazir-form; check-bisp-account-status; /bisp-registration/ pillar,Phase 1 - Published (Live),
apply for benazir income support programme,BISP Registration & Application,Registration / Application Process,Navigational,/bisp-registration/,Published,how-to-register-bisp-online-guide; documents-for-bisp-registration; /bisp-registration/ pillar,Phase 1 - Published (Live),"A few stray off-topic queries in this bucket (fc online registration slip, ihsas kpk, nphp) - not BISP/Ehsaas, ignore"
benazir income support online registration,BISP Registration & Application,Registration / Application Process,Navigational,/bisp-registration/,Published,how-to-register-bisp-online-guide; documents-for-bisp-registration; /bisp-registration/ pillar,Phase 1 - Published (Live),"A few stray off-topic queries in this bucket (fc online registration slip, ihsas kpk, nphp) - not BISP/Ehsaas, ignore"
benazir income support online registration 2023,BISP Registration & Application,Registration / Application Process,Navigational,/bisp-registration/,Published,how-to-register-bisp-online-guide; documents-for-bisp-registration; /bisp-registration/ pillar,Phase 1 - Published (Live),"A few stray off-topic queries in this bucket (fc online registration slip, ihsas kpk, nphp) - not BISP/Ehsaas, ignore"
benazir income support programme online registration,BISP Registration & Application,Registration / Application Process,Navigational,/bisp-registration/,Published,how-to-register-bisp-online-guide; documents-for-bisp-registration; /bisp-registration/ pillar,Phase 1 - Published (Live),"A few stray off-topic queries in this bucket (fc online registration slip, ihsas kpk, nphp) - not BISP/Ehsaas, ignore"
bisp online registration,BISP Registration & Application,Registration / Application Process,Navigational,/bisp-registration/,Published,how-to-register-bisp-online-guide; documents-for-bisp-registration; /bisp-registration/ pillar,Phase 1 - Published (Live),"A few stray off-topic queries in this bucket (fc online registration slip, ihsas kpk, nphp) - not BISP/Ehsaas, ignore"
bisp online registration check by cnic,BISP Registration & Application,Registration / Application Process,Navigational,/bisp-registration/,Published,bisp-online-registration-mistakes; how-to-register-bisp-online-guide; documents-for-bisp-registration; /bisp-registration/ pillar,Phase 1 - Published (Live),"A few stray off-topic queries in this bucket (fc online registration slip, ihsas kpk, nphp) - not BISP/Ehsaas, ignore"
ehsaas program cnic check online registration,BISP Registration & Application,Registration / Application Process,Navigational,/bisp-registration/,Published,how-to-register-bisp-online-guide; documents-for-bisp-registration; /bisp-registration/ pillar,Phase 1 - Published (Live),"A few stray off-topic queries in this bucket (fc online registration slip, ihsas kpk, nphp) - not BISP/Ehsaas, ignore"
ehsaas program cnic check online registration 2021,BISP Registration & Application,Registration / Application Process,Navigational,/bisp-registration/,Published,how-to-register-bisp-online-guide; documents-for-bisp-registration; /bisp-registration/ pillar,Phase 1 - Published (Live),"A few stray off-topic queries in this bucket (fc online registration slip, ihsas kpk, nphp) - not BISP/Ehsaas, ignore"
ehsaas program cnic check online registration 2022,BISP Registration & Application,Registration / Application Process,Navigational,/bisp-registration/,Published,how-to-register-bisp-online-guide; documents-for-bisp-registration; /bisp-registration/ pillar,Phase 1 - Published (Live),"A few stray off-topic queries in this bucket (fc online registration slip, ihsas kpk, nphp) - not BISP/Ehsaas, ignore"
fc online registration slip,BISP Registration & Application,Registration / Application Process,Navigational,/bisp-registration/,Published,how-to-register-bisp-online-guide; documents-for-bisp-registration; /bisp-registration/ pillar,Phase 1 - Published (Live),"A few stray off-topic queries in this bucket (fc online registration slip, ihsas kpk, nphp) - not BISP/Ehsaas, ignore"
how to apply bisp,BISP Registration & Application,Registration / Application Process,Informational,/bisp-registration/,Published,how-to-register-bisp-online-guide; documents-for-bisp-registration; /bisp-registration/ pillar,Phase 1 - Published (Live),"A few stray off-topic queries in this bucket (fc online registration slip, ihsas kpk, nphp) - not BISP/Ehsaas, ignore"
how to apply bisp online,BISP Registration & Application,Registration / Application Process,Informational,/bisp-registration/,Published,bisp-online-registration-mistakes; how-to-register-bisp-online-guide; documents-for-bisp-registration; /bisp-registration/ pillar,Phase 1 - Published (Live),"A few stray off-topic queries in this bucket (fc online registration slip, ihsas kpk, nphp) - not BISP/Ehsaas, ignore"
how to apply for benazir income support,BISP Registration & Application,Registration / Application Process,Informational,/bisp-registration/,Published,how-to-register-bisp-online-guide; documents-for-bisp-registration; /bisp-registration/ pillar,Phase 1 - Published (Live),"A few stray off-topic queries in this bucket (fc online registration slip, ihsas kpk, nphp) - not BISP/Ehsaas, ignore"
how to apply for benazir income support program,BISP Registration & Application,Registration / Application Process,Informational,/bisp-registration/,Published,how-to-register-bisp-online-guide; documents-for-bisp-registration; /bisp-registration/ pillar,Phase 1 - Published (Live),"A few stray off-topic queries in this bucket (fc online registration slip, ihsas kpk, nphp) - not BISP/Ehsaas, ignore"
how to register for bisp,BISP Registration & Application,Registration / Application Process,Informational,/bisp-registration/,Published,how-to-register-bisp-online-guide; documents-for-bisp-registration; /bisp-registration/ pillar,Phase 1 - Published (Live),"A few stray off-topic queries in this bucket (fc online registration slip, ihsas kpk, nphp) - not BISP/Ehsaas, ignore"
how to register for ehsaas program,BISP Registration & Application,Registration / Application Process,Informational,/bisp-registration/,Published,how-to-register-bisp-online-guide; documents-for-bisp-registration; /bisp-registration/ pillar,Phase 1 - Published (Live),"A few stray off-topic queries in this bucket (fc online registration slip, ihsas kpk, nphp) - not BISP/Ehsaas, ignore"
how to register in benazir income support,BISP Registration & Application,Registration / Application Process,Informational,/bisp-registration/,Published,how-to-register-bisp-online-guide; documents-for-bisp-registration; /bisp-registration/ pillar,Phase 1 - Published (Live),"A few stray off-topic queries in this bucket (fc online registration slip, ihsas kpk, nphp) - not BISP/Ehsaas, ignore"
how to register in bisp,BISP Registration & Application,Registration / Application Process,Informational,/bisp-registration/,Published,how-to-register-bisp-online-guide; documents-for-bisp-registration; /bisp-registration/ pillar,Phase 1 - Published (Live),"A few stray off-topic queries in this bucket (fc online registration slip, ihsas kpk, nphp) - not BISP/Ehsaas, ignore"
ihsas program kpk online registration 2021,BISP Registration & Application,Registration / Application Process,Navigational,/bisp-registration/,Published,how-to-register-bisp-online-guide; documents-for-bisp-registration; /bisp-registration/ pillar,Phase 1 - Published (Live),"A few stray off-topic queries in this bucket (fc online registration slip, ihsas kpk, nphp) - not BISP/Ehsaas, ignore"
nphp online registration,BISP Registration & Application,Registration / Application Process,Navigational,/bisp-registration/,Published,how-to-register-bisp-online-guide; documents-for-bisp-registration; /bisp-registration/ pillar,Phase 1 - Published (Live),"A few stray off-topic queries in this bucket (fc online registration slip, ihsas kpk, nphp) - not BISP/Ehsaas, ignore"
online registration benazir income support,BISP Registration & Application,Registration / Application Process,Navigational,/bisp-registration/,Published,how-to-register-bisp-online-guide; documents-for-bisp-registration; /bisp-registration/ pillar,Phase 1 - Published (Live),"A few stray off-topic queries in this bucket (fc online registration slip, ihsas kpk, nphp) - not BISP/Ehsaas, ignore"
online registration benazir income support programme,BISP Registration & Application,Registration / Application Process,Navigational,/bisp-registration/,Published,how-to-register-bisp-online-guide; documents-for-bisp-registration; /bisp-registration/ pillar,Phase 1 - Published (Live),"A few stray off-topic queries in this bucket (fc online registration slip, ihsas kpk, nphp) - not BISP/Ehsaas, ignore"
online registration benazir income support programme 2022,BISP Registration & Application,Registration / Application Process,Navigational,/bisp-registration/,Published,how-to-register-bisp-online-guide; documents-for-bisp-registration; /bisp-registration/ pillar,Phase 1 - Published (Live),"A few stray off-topic queries in this bucket (fc online registration slip, ihsas kpk, nphp) - not BISP/Ehsaas, ignore"
online registration bisp,BISP Registration & Application,Registration / Application Process,Navigational,/bisp-registration/,Published,how-to-register-bisp-online-guide; documents-for-bisp-registration; /bisp-registration/ pillar,Phase 1 - Published (Live),"A few stray off-topic queries in this bucket (fc online registration slip, ihsas kpk, nphp) - not BISP/Ehsaas, ignore"
www bisp gov pk online registration,BISP Registration & Application,Registration / Application Process,Navigational,/bisp-registration/,Published,how-to-register-bisp-online-guide; documents-for-bisp-registration; /bisp-registration/ pillar,Phase 1 - Published (Live),"A few stray off-topic queries in this bucket (fc online registration slip, ihsas kpk, nphp) - not BISP/Ehsaas, ignore"
www.bisp.gov.pk online apply,BISP Registration & Application,Registration / Application Process,Navigational,/bisp-registration/,Published,how-to-register-bisp-online-guide; documents-for-bisp-registration; /bisp-registration/ pillar,Phase 1 - Published (Live),"A few stray off-topic queries in this bucket (fc online registration slip, ihsas kpk, nphp) - not BISP/Ehsaas, ignore"
ahsas kafalat,Benazir Kafaalat,Kafaalat Registration & CNIC Check,Informational,/benazir-kafaalat/,Published,benazir-kafaalat-registration-cnic-check-guide; benazir-kafaalat-payment-guide,Phase 1 - Published (Live),
ehsaas kafalat online registration,Benazir Kafaalat,Kafaalat Registration & CNIC Check,Navigational,/benazir-kafaalat/,Published,benazir-kafaalat-registration-cnic-check-guide; benazir-kafaalat-payment-guide,Phase 1 - Published (Live),
ehsaas kafalat program,Benazir Kafaalat,Kafaalat Registration & CNIC Check,Informational,/benazir-kafaalat/,Published,benazir-kafaalat-registration-cnic-check-guide; benazir-kafaalat-payment-guide,Phase 1 - Published (Live),
ehsaas kafalat program 2022,Benazir Kafaalat,Kafaalat Registration & CNIC Check,Informational,/benazir-kafaalat/,Published,benazir-kafaalat-registration-cnic-check-guide; benazir-kafaalat-payment-guide,Phase 1 - Published (Live),
ehsaas kafalat program 2022 online registration,Benazir Kafaalat,Kafaalat Registration & CNIC Check,Navigational,/benazir-kafaalat/,Published,benazir-kafaalat-registration-cnic-check-guide; benazir-kafaalat-payment-guide,Phase 1 - Published (Live),
ehsaas kafalat program 2023,Benazir Kafaalat,Kafaalat Registration & CNIC Check,Informational,/benazir-kafaalat/,Published,benazir-kafaalat-registration-cnic-check-guide; benazir-kafaalat-payment-guide,Phase 1 - Published (Live),
ehsaas kafalat program check cnic,Benazir Kafaalat,Kafaalat Registration & CNIC Check,Informational,/benazir-kafaalat/,Published,benazir-kafaalat-registration-cnic-check-guide; benazir-kafaalat-payment-guide,Phase 1 - Published (Live),
ehsaas kafalat program online registration,Benazir Kafaalat,Kafaalat Registration & CNIC Check,Navigational,/benazir-kafaalat/,Published,benazir-kafaalat-registration-cnic-check-guide; benazir-kafaalat-payment-guide,Phase 1 - Published (Live),
ehsaas kafalat registration,Benazir Kafaalat,Kafaalat Registration & CNIC Check,Navigational,/benazir-kafaalat/,Published,benazir-kafaalat-registration-cnic-check-guide; benazir-kafaalat-payment-guide,Phase 1 - Published (Live),
ehsas kafalat program 2021 online registration,Benazir Kafaalat,Kafaalat Registration & CNIC Check,Navigational,/benazir-kafaalat/,Published,benazir-kafaalat-registration-cnic-check-guide; benazir-kafaalat-payment-guide,Phase 1 - Published (Live),
ehsas kafalat program check cnic,Benazir Kafaalat,Kafaalat Registration & CNIC Check,Informational,/benazir-kafaalat/,Published,benazir-kafaalat-registration-cnic-check-guide; benazir-kafaalat-payment-guide,Phase 1 - Published (Live),
ehsas kafalat program nadra,Benazir Kafaalat,Kafaalat Registration & CNIC Check,Informational,/benazir-kafaalat/,Published,benazir-kafaalat-registration-cnic-check-guide; benazir-kafaalat-payment-guide,Phase 1 - Published (Live),
ehsas kafalat program nadra online registration,Benazir Kafaalat,Kafaalat Registration & CNIC Check,Navigational,/benazir-kafaalat/,Published,benazir-kafaalat-registration-cnic-check-guide; benazir-kafaalat-payment-guide,Phase 1 - Published (Live),
ehsas kafalat program online registration 2023,Benazir Kafaalat,Kafaalat Registration & CNIC Check,Navigational,/benazir-kafaalat/,Published,benazir-kafaalat-registration-cnic-check-guide; benazir-kafaalat-payment-guide,Phase 1 - Published (Live),
ehssas kafalat nadra gov.pk,Benazir Kafaalat,Kafaalat Registration & CNIC Check,Navigational,/benazir-kafaalat/,Published,benazir-kafaalat-registration-cnic-check-guide; benazir-kafaalat-payment-guide,Phase 1 - Published (Live),
how to check ehsaas kafalat program money online,Benazir Kafaalat,Kafaalat Registration & CNIC Check,Informational,/benazir-kafaalat/,Published,benazir-kafaalat-registration-cnic-check-guide; benazir-kafaalat-payment-guide,Phase 1 - Published (Live),
ihsaas kafalat,Benazir Kafaalat,Kafaalat Registration & CNIC Check,Informational,/benazir-kafaalat/,Published,benazir-kafaalat-registration-cnic-check-guide; benazir-kafaalat-payment-guide,Phase 1 - Published (Live),
bisp official website,Brand / Navigational (Official Sources),Official Website Lookup,Navigational,/8171/ + /bisp-registration/ (official links),Covered by design,officialLinks block on all pages,No blog needed,Pure navigational intent - dedicated post would be thin content
bisp website,Brand / Navigational (Official Sources),Official Website Lookup,Navigational,/8171/ + /bisp-registration/ (official links),Covered by design,officialLinks block on all pages,No blog needed,Pure navigational intent - dedicated post would be thin content
ehsaas program official website,Brand / Navigational (Official Sources),Official Website Lookup,Navigational,/8171/ + /bisp-registration/ (official links),Covered by design,officialLinks block on all pages,No blog needed,Pure navigational intent - dedicated post would be thin content
ehsaas program website,Brand / Navigational (Official Sources),Official Website Lookup,Navigational,/8171/ + /bisp-registration/ (official links),Covered by design,officialLinks block on all pages,No blog needed,Pure navigational intent - dedicated post would be thin content
ehsaas emergency cash program,Ehsaas Emergency Cash Programme,Emergency Cash Disbursement,Informational,/other-schemes/ (new article),Published,ehsaas-emergency-cash-program-guide,Phase 1 - Published (Live),
ehsaas emergency cash program 2021,Ehsaas Emergency Cash Programme,Emergency Cash Disbursement,Informational,/other-schemes/ (new article),Published,ehsaas-emergency-cash-program-guide,Phase 1 - Published (Live),
ehsaas emergency cash program 2022,Ehsaas Emergency Cash Programme,Emergency Cash Disbursement,Informational,/other-schemes/ (new article),Published,ehsaas-emergency-cash-program-guide,Phase 1 - Published (Live),
ehsaas emergency cash program nadra 2021,Ehsaas Emergency Cash Programme,Emergency Cash Disbursement,Informational,/other-schemes/ (new article),Published,ehsaas-emergency-cash-program-guide,Phase 1 - Published (Live),
ehsaas emergency program 2021,Ehsaas Emergency Cash Programme,Emergency Cash Disbursement,Informational,/other-schemes/ (new article),Published,ehsaas-emergency-cash-program-guide,Phase 1 - Published (Live),
ehsaas emergency program 2023,Ehsaas Emergency Cash Programme,Emergency Cash Disbursement,Informational,/other-schemes/ (new article),Published,ehsaas-emergency-cash-program-guide,Phase 1 - Published (Live),
ehsaas program 12000,Ehsaas Emergency Cash Programme,Emergency Cash Disbursement,Informational,/other-schemes/ (new article),Published,ehsaas-emergency-cash-program-guide,Phase 1 - Published (Live),
ehsaas program 12000 online apply,Ehsaas Emergency Cash Programme,Emergency Cash Disbursement,Navigational,/other-schemes/ (new article),Published,ehsaas-emergency-cash-program-guide,Phase 1 - Published (Live),
government emergency cash,Ehsaas Emergency Cash Programme,Emergency Cash Disbursement,Informational,/other-schemes/ (new article),Published,ehsaas-emergency-cash-program-guide,Phase 1 - Published (Live),
pakistan emergency cash,Ehsaas Emergency Cash Programme,Emergency Cash Disbursement,Informational,/other-schemes/ (new article),Published,ehsaas-emergency-cash-program-guide,Phase 1 - Published (Live),
ahsas loan program,Ehsaas Interest-Free Loans & Saving Wallets,Loans & Saving Wallets,Informational,/other-schemes/ (new article),Published,ehsaas-interest-free-loan-vs-saving-wallet; ehsaas-interest-free-loan-saving-wallets-guide,Phase 3 - Published (2026-09-20),Published as dedicated comparison post: ehsaas-interest-free-loan-vs-saving-wallet
ehsaas loan 75000 online registration,Ehsaas Interest-Free Loans & Saving Wallets,Loans & Saving Wallets,Navigational,/other-schemes/ (new article),Published,ehsaas-interest-free-loan-vs-saving-wallet; ehsaas-interest-free-loan-saving-wallets-guide,Phase 3 - Published (2026-09-20),Published as dedicated comparison post: ehsaas-interest-free-loan-vs-saving-wallet
ehsaas loan program 2022,Ehsaas Interest-Free Loans & Saving Wallets,Loans & Saving Wallets,Informational,/other-schemes/ (new article),Published,ehsaas-interest-free-loan-vs-saving-wallet; ehsaas-interest-free-loan-saving-wallets-guide,Phase 3 - Published (2026-09-20),Published as dedicated comparison post: ehsaas-interest-free-loan-vs-saving-wallet
ehsaas program loan,Ehsaas Interest-Free Loans & Saving Wallets,Loans & Saving Wallets,Informational,/other-schemes/ (new article),Published,ehsaas-interest-free-loan-vs-saving-wallet; ehsaas-interest-free-loan-saving-wallets-guide,Phase 3 - Published (2026-09-20),Published as dedicated comparison post: ehsaas-interest-free-loan-vs-saving-wallet
ehsaas program loan scheme apply online 2021,Ehsaas Interest-Free Loans & Saving Wallets,Loans & Saving Wallets,Navigational,/other-schemes/ (new article),Published,ehsaas-interest-free-loan-vs-saving-wallet; ehsaas-interest-free-loan-saving-wallets-guide,Phase 3 - Published (2026-09-20),Published as dedicated comparison post: ehsaas-interest-free-loan-vs-saving-wallet
ehsaas saving wallets,Ehsaas Interest-Free Loans & Saving Wallets,Loans & Saving Wallets,Informational,/other-schemes/ (new article),Published,ehsaas-interest-free-loan-vs-saving-wallet; ehsaas-interest-free-loan-saving-wallets-guide,Phase 3 - Published (2026-09-20),Published as dedicated comparison post: ehsaas-interest-free-loan-vs-saving-wallet
ehsaas saving wallets programme,Ehsaas Interest-Free Loans & Saving Wallets,Loans & Saving Wallets,Informational,/other-schemes/ (new article),Published,ehsaas-interest-free-loan-vs-saving-wallet; ehsaas-interest-free-loan-saving-wallets-guide,Phase 3 - Published (2026-09-20),Published as dedicated comparison post: ehsaas-interest-free-loan-vs-saving-wallet
ahsas registration,Ehsaas Programme (Brand),General Ehsaas Programme,Navigational,/ (homepage) + /news/,Covered by design,ehsaas-tracking-news; /ehsaas-programs/ pillar; homepage,No blog needed,Brand-level queries - splitting into per-keyword pages would be a doorway-page violation
ehsaas,Ehsaas Programme (Brand),General Ehsaas Programme,Informational,/ (homepage) + /news/,Covered by design,ehsaas-tracking-news; /ehsaas-programs/ pillar; homepage,No blog needed,Brand-level queries - splitting into per-keyword pages would be a doorway-page violation
ehsaas card,Ehsaas Programme (Brand),General Ehsaas Programme,Informational,/ (homepage) + /news/,Covered by design,ehsaas-tracking-news; /ehsaas-programs/ pillar; homepage,No blog needed,Brand-level queries - splitting into per-keyword pages would be a doorway-page violation
ehsaas cash program 2021,Ehsaas Programme (Brand),General Ehsaas Programme,Informational,/ (homepage) + /news/,Covered by design,ehsaas-tracking-news; /ehsaas-programs/ pillar; homepage,No blog needed,Brand-level queries - splitting into per-keyword pages would be a doorway-page violation
ehsaas program,Ehsaas Programme (Brand),General Ehsaas Programme,Informational,/ (homepage) + /news/,Covered by design,ehsaas-tracking-news; /ehsaas-programs/ pillar; homepage,No blog needed,Brand-level queries - splitting into per-keyword pages would be a doorway-page violation
ehsaas program 2022,Ehsaas Programme (Brand),General Ehsaas Programme,Informational,/ (homepage) + /news/,Covered by design,ehsaas-tracking-news; /ehsaas-programs/ pillar; homepage,No blog needed,Brand-level queries - splitting into per-keyword pages would be a doorway-page violation
ehsaas program 2022 registration online,Ehsaas Programme (Brand),General Ehsaas Programme,Navigational,/ (homepage) + /news/,Covered by design,ehsaas-tracking-news; /ehsaas-programs/ pillar; homepage,No blog needed,Brand-level queries - splitting into per-keyword pages would be a doorway-page violation
ehsaas program check,Ehsaas Programme (Brand),General Ehsaas Programme,Informational,/ (homepage) + /news/,Covered by design,ehsaas-tracking-news; /ehsaas-programs/ pillar; homepage,No blog needed,Brand-level queries - splitting into per-keyword pages would be a doorway-page violation
ehsaas program online check,Ehsaas Programme (Brand),General Ehsaas Programme,Informational,/ (homepage) + /news/,Covered by design,ehsaas-tracking-news; /ehsaas-programs/ pillar; homepage,No blog needed,Brand-level queries - splitting into per-keyword pages would be a doorway-page violation
ehsaas program online check mediem,Ehsaas Programme (Brand),General Ehsaas Programme,Informational,/ (homepage) + /news/,Covered by design,ehsaas-tracking-news; /ehsaas-programs/ pillar; homepage,No blog needed,Brand-level queries - splitting into per-keyword pages would be a doorway-page violation
ehsaas program registration online,Ehsaas Programme (Brand),General Ehsaas Programme,Navigational,/ (homepage) + /news/,Covered by design,ehsaas-tracking-news; /ehsaas-programs/ pillar; homepage,No blog needed,Brand-level queries - splitting into per-keyword pages would be a doorway-page violation
ehsaas program techslearn,Ehsaas Programme (Brand),General Ehsaas Programme,Informational,/ (homepage) + /news/,Covered by design,ehsaas-tracking-news; /ehsaas-programs/ pillar; homepage,No blog needed,Brand-level queries - splitting into per-keyword pages would be a doorway-page violation
ehsaas programme registration,Ehsaas Programme (Brand),General Ehsaas Programme,Navigational,/ (homepage) + /news/,Covered by design,ehsaas-tracking-news; /ehsaas-programs/ pillar; homepage,No blog needed,Brand-level queries - splitting into per-keyword pages would be a doorway-page violation
ehsaas registration online,Ehsaas Programme (Brand),General Ehsaas Programme,Navigational,/ (homepage) + /news/,Covered by design,ehsaas-tracking-news; /ehsaas-programs/ pillar; homepage,No blog needed,Brand-level queries - splitting into per-keyword pages would be a doorway-page violation
ehsaas subsidy enquiry,Ehsaas Programme (Brand),General Ehsaas Programme,Informational,/ (homepage) + /news/,Covered by design,ehsaas-tracking-news; /ehsaas-programs/ pillar; homepage,No blog needed,Brand-level queries - splitting into per-keyword pages would be a doorway-page violation
ehsas program office,Ehsaas Programme (Brand),General Ehsaas Programme,Informational,/ (homepage) + /news/,Covered by design,ehsaas-tracking-news; /ehsaas-programs/ pillar; homepage,No blog needed,Brand-level queries - splitting into per-keyword pages would be a doorway-page violation
ehsas program pakistan,Ehsaas Programme (Brand),General Ehsaas Programme,Informational,/ (homepage) + /news/,Covered by design,ehsaas-tracking-news; /ehsaas-programs/ pillar; homepage,No blog needed,Brand-level queries - splitting into per-keyword pages would be a doorway-page violation
esas programs,Ehsaas Programme (Brand),General Ehsaas Programme,Informational,/ (homepage) + /news/,Covered by design,ehsaas-tracking-news; /ehsaas-programs/ pillar; homepage,No blog needed,Brand-level queries - splitting into per-keyword pages would be a doorway-page violation
home of pk ehsaas program,Ehsaas Programme (Brand),General Ehsaas Programme,Informational,/ (homepage) + /news/,Covered by design,ehsaas-tracking-news; /ehsaas-programs/ pillar; homepage,No blog needed,Brand-level queries - splitting into per-keyword pages would be a doorway-page violation
how to check ehsaas program money online,Ehsaas Programme (Brand),General Ehsaas Programme,Informational,/ (homepage) + /news/,Covered by design,ehsaas-tracking-news; /ehsaas-programs/ pillar; homepage,No blog needed,Brand-level queries - splitting into per-keyword pages would be a doorway-page violation
how to check ehsaas program status,Ehsaas Programme (Brand),General Ehsaas Programme,Informational,/ (homepage) + /news/,Covered by design,ehsaas-tracking-news; /ehsaas-programs/ pillar; homepage,No blog needed,Brand-level queries - splitting into per-keyword pages would be a doorway-page violation
online ehsaas program registration 2022,Ehsaas Programme (Brand),General Ehsaas Programme,Navigational,/ (homepage) + /news/,Covered by design,ehsaas-tracking-news; /ehsaas-programs/ pillar; homepage,No blog needed,Brand-level queries - splitting into per-keyword pages would be a doorway-page violation
www ehsaas program,Ehsaas Programme (Brand),General Ehsaas Programme,Informational,/ (homepage) + /news/,Covered by design,ehsaas-tracking-news; /ehsaas-programs/ pillar; homepage,No blog needed,Brand-level queries - splitting into per-keyword pages would be a doorway-page violation
8123 ehsaas program cnic check online,Ehsaas Rashan / Ration Programme,Rashan Card & Ration,Informational,/other-schemes/ (new article),Published,ehsaas-rashan-program-guide,Phase 1 - Published (Live),
8123 ehsaas rashan program,Ehsaas Rashan / Ration Programme,Rashan Card & Ration,Informational,/other-schemes/ (new article),Published,ehsaas-rashan-program-guide,Phase 1 - Published (Live),
ehsaas rashan program 8123,Ehsaas Rashan / Ration Programme,Rashan Card & Ration,Informational,/other-schemes/ (new article),Published,ehsaas-rashan-program-guide,Phase 1 - Published (Live),
ehsas rashan program,Ehsaas Rashan / Ration Programme,Rashan Card & Ration,Informational,/other-schemes/ (new article),Published,ehsaas-rashan-program-guide,Phase 1 - Published (Live),
ehsas rashan programme,Ehsaas Rashan / Ration Programme,Rashan Card & Ration,Informational,/other-schemes/ (new article),Published,ehsaas-rashan-program-guide,Phase 1 - Published (Live),
punjab ration program,Ehsaas Rashan / Ration Programme,Rashan Card & Ration,Informational,/other-schemes/ (new article),Published,ehsaas-rashan-program-guide,Phase 1 - Published (Live),
ration card download,Ehsaas Rashan / Ration Programme,Rashan Card & Ration,Informational,/other-schemes/ (new article),Published,ehsaas-rashan-program-guide,Phase 1 - Published (Live),
ahsaas registration center,Ehsaas Registration Centers,Registration Center Locator,Navigational,/other-schemes/ (new article),Published,ehsaas-registration-center-locator-guide,Phase 1 - Published (Live),"City-specific pages (Lahore/Rawalpindi) held pending verified addresses - YMYL trust decision, not oversight"
ahsas registration center,Ehsaas Registration Centers,Registration Center Locator,Navigational,/other-schemes/ (new article),Published,ehsaas-registration-center-locator-guide,Phase 1 - Published (Live),"City-specific pages (Lahore/Rawalpindi) held pending verified addresses - YMYL trust decision, not oversight"
ahsas registration center lahore,Ehsaas Registration Centers,Registration Center Locator,Navigational,/other-schemes/ (new article),Published,ehsaas-registration-center-locator-guide,Phase 1 - Published (Live),"City-specific pages (Lahore/Rawalpindi) held pending verified addresses - YMYL trust decision, not oversight"
ahsas registration center rawalpindi,Ehsaas Registration Centers,Registration Center Locator,Navigational,/other-schemes/ (new article),Published,ehsaas-registration-center-locator-guide,Phase 1 - Published (Live),"City-specific pages (Lahore/Rawalpindi) held pending verified addresses - YMYL trust decision, not oversight"
ehsaas registration center,Ehsaas Registration Centers,Registration Center Locator,Navigational,/other-schemes/ (new article),Published,ehsaas-registration-center-locator-guide,Phase 1 - Published (Live),"City-specific pages (Lahore/Rawalpindi) held pending verified addresses - YMYL trust decision, not oversight"
ehsaas registration center lahore,Ehsaas Registration Centers,Registration Center Locator,Navigational,/other-schemes/ (new article),Published,ehsaas-registration-center-locator-guide,Phase 1 - Published (Live),"City-specific pages (Lahore/Rawalpindi) held pending verified addresses - YMYL trust decision, not oversight"
ehsaas registration center near me,Ehsaas Registration Centers,Registration Center Locator,Navigational,/other-schemes/ (new article),Published,ehsaas-registration-center-locator-guide,Phase 1 - Published (Live),"City-specific pages (Lahore/Rawalpindi) held pending verified addresses - YMYL trust decision, not oversight"
ehsaas registration center online apply,Ehsaas Registration Centers,Registration Center Locator,Navigational,/other-schemes/ (new article),Published,ehsaas-registration-center-locator-guide,Phase 1 - Published (Live),"City-specific pages (Lahore/Rawalpindi) held pending verified addresses - YMYL trust decision, not oversight"
ehsaas registration centre,Ehsaas Registration Centers,Registration Center Locator,Navigational,/other-schemes/ (new article),Published,ehsaas-registration-center-locator-guide,Phase 1 - Published (Live),"City-specific pages (Lahore/Rawalpindi) held pending verified addresses - YMYL trust decision, not oversight"
economic survey of punjab,PMT Score & NSER Survey,NSER Registration,Informational,/8171/ (new PMT/NSER guide),Published,nser-survey-not-found; nser-pmt-score-check-guide,Phase 1 - Published (Live),
ehsaas nser survey online registration,PMT Score & NSER Survey,NSER Registration,Navigational,/8171/ (new PMT/NSER guide),Published,nser-pmt-score-check-guide,Phase 1 - Published (Live),
nser check balance online,PMT Score & NSER Survey,NSER Registration,Informational,/8171/ (new PMT/NSER guide),Published,nser-survey-not-found; nser-pmt-score-check-guide,Phase 1 - Published (Live),
nser check online,PMT Score & NSER Survey,NSER Registration,Informational,/8171/ (new PMT/NSER guide),Published,nser-survey-not-found; nser-pmt-score-check-guide,Phase 1 - Published (Live),
nser ehsaas program,PMT Score & NSER Survey,NSER Registration,Informational,/8171/ (new PMT/NSER guide),Published,nser-pmt-score-check-guide,Phase 1 - Published (Live),
nser online registration,PMT Score & NSER Survey,NSER Registration,Navigational,/8171/ (new PMT/NSER guide),Published,nser-survey-not-found; nser-pmt-score-check-guide,Phase 1 - Published (Live),
nser online registration 2022 check,PMT Score & NSER Survey,NSER Registration,Navigational,/8171/ (new PMT/NSER guide),Published,nser-survey-not-found; nser-pmt-score-check-guide,Phase 1 - Published (Live),
nser registration check by cnic,PMT Score & NSER Survey,NSER Registration,Navigational,/8171/ (new PMT/NSER guide),Published,nser-survey-not-found; nser-pmt-score-check-guide,Phase 1 - Published (Live),
nser registration online 2022,PMT Score & NSER Survey,NSER Registration,Navigational,/8171/ (new PMT/NSER guide),Published,nser-pmt-score-check-guide,Phase 1 - Published (Live),
nser survey 2022 ilmi,PMT Score & NSER Survey,NSER Registration,Informational,/8171/ (new PMT/NSER guide),Published,nser-pmt-score-check-guide,Phase 1 - Published (Live),
nser survey online registration,PMT Score & NSER Survey,NSER Registration,Navigational,/8171/ (new PMT/NSER guide),Published,nser-pmt-score-check-guide,Phase 1 - Published (Live),
nser survey online registration check,PMT Score & NSER Survey,NSER Registration,Navigational,/8171/ (new PMT/NSER guide),Published,nser-survey-not-found; nser-pmt-score-check-guide,Phase 1 - Published (Live),
punjab socio economic survey,PMT Score & NSER Survey,NSER Registration,Informational,/8171/ (new PMT/NSER guide),Published,nser-pmt-score-check-guide,Phase 1 - Published (Live),
social security registration check,PMT Score & NSER Survey,NSER Registration,Navigational,/8171/ (new PMT/NSER guide),Published,nser-survey-not-found; nser-pmt-score-check-guide,Phase 1 - Published (Live),
8171 by preparation point,PMT Score & NSER Survey,PMT Score Check,Informational,/8171/ (new PMT/NSER guide),Published,what-counts-as-a-good-pmt-score; nser-pmt-score-check-guide,Phase 3 - Published (2026-09-19),
8171 pmt score check,PMT Score & NSER Survey,PMT Score Check,Informational,/8171/ (new PMT/NSER guide),Published,what-counts-as-a-good-pmt-score; nser-pmt-score-check-guide,Phase 3 - Published (2026-09-19),
8171 web portal pmt score check,PMT Score & NSER Survey,PMT Score Check,Navigational,/8171/ (new PMT/NSER guide),Published,what-counts-as-a-good-pmt-score; nser-pmt-score-check-guide,Phase 3 - Published (2026-09-19),
bisp pmt score,PMT Score & NSER Survey,PMT Score Check,Informational,/8171/ (new PMT/NSER guide),Published,what-counts-as-a-good-pmt-score; nser-pmt-score-check-guide,Phase 3 - Published (2026-09-19),
pmt score,PMT Score & NSER Survey,PMT Score Check,Informational,/8171/ (new PMT/NSER guide),Published,what-counts-as-a-good-pmt-score; nser-pmt-score-check-guide,Phase 3 - Published (2026-09-19),
pmt score bisp,PMT Score & NSER Survey,PMT Score Check,Informational,/8171/ (new PMT/NSER guide),Published,what-counts-as-a-good-pmt-score; nser-pmt-score-check-guide,Phase 3 - Published (2026-09-19),
pmt score check online,PMT Score & NSER Survey,PMT Score Check,Informational,/8171/ (new PMT/NSER guide),Published,what-counts-as-a-good-pmt-score; nser-pmt-score-check-guide,Phase 3 - Published (2026-09-19),
pmt score check online by cnic pakistan,PMT Score & NSER Survey,PMT Score Check,Informational,/8171/ (new PMT/NSER guide),Published,what-counts-as-a-good-pmt-score; nser-pmt-score-check-guide,Phase 3 - Published (2026-09-19),
what is pmt score,PMT Score & NSER Survey,PMT Score Check,Informational,/8171/ (new PMT/NSER guide),Published,what-counts-as-a-good-pmt-score; nser-pmt-score-check-guide,Phase 3 - Published (2026-09-19),
benazir sim card,Payment & Balance Check,BISP Card Status,Informational,/payment-check/,Published,check-bisp-account-status; bisp-8171-payment-balance-check-guide,Phase 1 - Published (Live),
bisp card check,Payment & Balance Check,BISP Card Status,Informational,/payment-check/,Published,check-bisp-account-status; bisp-8171-payment-balance-check-guide,Phase 1 - Published (Live),
bisp id card check,Payment & Balance Check,BISP Card Status,Informational,/payment-check/,Published,check-bisp-account-status; bisp-8171-payment-balance-check-guide,Phase 1 - Published (Live),
bisp check balance online by cnic 2026,Payment & Balance Check,Payment Status / Balance,Informational,/payment-check/,Published,bisp-payment-approved-but-no-cash-received; bisp-8171-payment-balance-check-guide; /payment-check/ pillar,Phase 3 - Published (2026-09-19),
bisp payment check,Payment & Balance Check,Payment Status / Balance,Informational,/payment-check/,Published,bisp-payment-approved-but-no-cash-received; bisp-8171-payment-balance-check-guide; /payment-check/ pillar,Phase 3 - Published (2026-09-19),
bisp payment method,Payment & Balance Check,Payment Status / Balance,Informational,/payment-check/,Published,bisp-payment-approved-but-no-cash-received; bisp-8171-payment-balance-check-guide; /payment-check/ pillar,Phase 3 - Published (2026-09-19),
ehsaas program balance check,Payment & Balance Check,Payment Status / Balance,Informational,/payment-check/,Published,bisp-payment-approved-but-no-cash-received; bisp-8171-payment-balance-check-guide; /payment-check/ pillar,Phase 3 - Published (2026-09-19),
cm punjab rozgar scheme,Provincial Schemes (Other Schemes),Punjab Rozgar Scheme,Informational,/other-schemes/ (new article),Published,punjab-rozgar-scheme-guide,Phase 1 - Published (Live),
cm rozgar scheme,Provincial Schemes (Other Schemes),Punjab Rozgar Scheme,Informational,/other-schemes/ (new article),Published,punjab-rozgar-scheme-guide,Phase 1 - Published (Live),
punjab rozgar scheme,Provincial Schemes (Other Schemes),Punjab Rozgar Scheme,Informational,/other-schemes/ (new article),Published,punjab-rozgar-scheme-guide,Phase 1 - Published (Live),
rozgar scheme loan,Provincial Schemes (Other Schemes),Punjab Rozgar Scheme,Informational,/other-schemes/ (new article),Published,punjab-rozgar-scheme-guide,Phase 1 - Published (Live),
www.rozgar.psic.punjab.gov.pk,Provincial Schemes (Other Schemes),Punjab Rozgar Scheme,Navigational,/other-schemes/ (new article),Published,punjab-rozgar-scheme-guide,Phase 1 - Published (Live),
احساس کفالت پروگرام 8171,Urdu / Roman Urdu Layer,8171 Kafaalat (Urdu),Informational,/8171/,Published,8171-check-online-kaise-karein,Phase 5 - Published (2026-09-20),"Roman Urdu & Urdu pilot guide published covering online portal, SMS, and decision matrix"
bisp payment approved but no cash received,Payment & Balance Check,Payment Status / Balance,Informational,/payment-check/,Published,bisp-payment-approved-but-no-cash-received,Phase 3 - Published (2026-09-19),Troubleshooting post for beneficiaries whose payment is approved on 8171 but cash not received
nser survey not found,PMT Score & NSER Survey,NSER Registration,Informational,/8171/,Published,nser-survey-not-found,Phase 3 - Published (2026-09-19),Troubleshooting guide for 8171 no record found status and office registration steps
what counts as a good pmt score,PMT Score & NSER Survey,PMT Score Check,Informational,/8171/,Published,what-counts-as-a-good-pmt-score,Phase 3 - Published (2026-09-19),Complete guide to PMT score cutoffs (32 standard / 37 disability) and bands
bisp biometric verification failed,Payment & Balance Check,Biometric Verification & Troubleshooting,Informational / Procedural,/payment-check/,Published,bisp-biometric-verification-failed,Phase 3 - Published (2026-09-19),"Complete procedural troubleshooting guide for fingerprint mismatch, Error 93/99, NADRA facial verification, and Non-BVS form"
bisp fingerprint problem solution,Payment & Balance Check,Biometric Verification & Troubleshooting,Informational / Procedural,/payment-check/,Published,bisp-biometric-verification-failed,Phase 3 - Published (2026-09-19),Covered in bisp-biometric-verification-failed
bisp error 93 error 99,Payment & Balance Check,Biometric Verification & Troubleshooting,Informational / Procedural,/payment-check/,Published,bisp-biometric-verification-failed,Phase 3 - Published (2026-09-19),Covered in bisp-biometric-verification-failed
bisp facial recognition verification nadra,Payment & Balance Check,Biometric Verification & Troubleshooting,Informational / Procedural,/payment-check/,Published,bisp-biometric-verification-failed,Phase 3 - Published (2026-09-19),Covered in bisp-biometric-verification-failed
bisp non bvs form procedure,Payment & Balance Check,Biometric Verification & Troubleshooting,Informational / Procedural,/payment-check/,Published,bisp-biometric-verification-failed,Phase 3 - Published (2026-09-19),Covered in bisp-biometric-verification-failed
cm punjab kisan card online apply 2026,Provincial Schemes: Punjab Flagships,Agricultural Financing & Cards,Transactional,/punjab-schemes/,Published,cm-punjab-kisan-card-online-apply-2026,Phase 6 - Published (2026-09-21),8070 SMS registration & Rs 150000 BOP interest-free production loan guide
maryam nawaz kisan card registration,Provincial Schemes: Punjab Flagships,Agricultural Financing & Cards,Transactional,/punjab-schemes/,Published,cm-punjab-kisan-card-online-apply-2026,Phase 6 - Published (2026-09-21),Targeted via CM Punjab Kisan Card guide
apni chhat apna ghar scheme online apply 2026,Provincial Schemes: Punjab Flagships,Affordable Housing & Loans,Transactional,/punjab-schemes/,Published,apni-chhat-apna-ghar-scheme-online-apply-2026,Phase 6 - Published (2026-09-21),acag.punjab.gov.pk 15 Lakh interest-free housing loan guide
acag punjab gov pk online registration,Provincial Schemes: Punjab Flagships,Affordable Housing & Loans,Navigational,/punjab-schemes/,Published,apni-chhat-apna-ghar-scheme-online-apply-2026,Phase 6 - Published (2026-09-21),Targeted via Apni Chhat Apna Ghar portal guide
cm punjab honhaar scholarship program 2026,Provincial Schemes: Punjab Flagships,Higher Education & Scholarships,Transactional,/punjab-schemes/,Published,cm-punjab-honhaar-scholarship-program-2026,Phase 6 - Published (2026-09-21),honhaarscholarship.punjabhec.gov.pk 100% full tuition coverage guide
honhaar scholarship online apply,Provincial Schemes: Punjab Flagships,Higher Education & Scholarships,Transactional,/punjab-schemes/,Published,cm-punjab-honhaar-scholarship-program-2026,Phase 6 - Published (2026-09-21),Targeted via Honhaar Scholarship guide
bisp registration check by cnic kaise karein,Urdu/Roman Urdu Layer,BISP Registration in Urdu,Informational,/8171/,Published,bisp-registration-check-by-cnic-kaise-karein,Phase 6 - Published (2026-09-21),Roman Urdu guide for 8171 web portal and BISP tehsil desk dynamic survey
benazir income support program check karne ka tarika,Urdu/Roman Urdu Layer,BISP Registration in Urdu,Informational,/8171/,Published,bisp-registration-check-by-cnic-kaise-karein,Phase 6 - Published (2026-09-21),Targeted via BISP Roman Urdu registration guide
cm punjab green tractor scheme 2026 online apply,Provincial Schemes: Punjab Flagships,Agricultural Mechanization,Transactional,/punjab-schemes/,Published,cm-punjab-green-tractor-scheme-2026-online-apply,Phase 6 - Published (2026-09-21),gts.punjab.gov.pk Rs 10 Lakh tractor subsidy & e-balloting guide
gts punjab gov pk registration,Provincial Schemes: Punjab Flagships,Agricultural Mechanization,Navigational,/punjab-schemes/,Published,cm-punjab-green-tractor-scheme-2026-online-apply,Phase 6 - Published (2026-09-21),Targeted via Green Tractor Scheme guide
cm punjab dhee rani program 2026 online apply,Provincial Schemes: Punjab Flagships,Social Welfare & Mass Marriages,Transactional,/punjab-schemes/,Published,cm-punjab-dhee-rani-program-2026-online-apply,Phase 6 - Published (2026-09-21),cmp.punjab.gov.pk Rs 100000 Salami ATM card & bridal package guide
cmp punjab gov pk dhee rani registration,Provincial Schemes: Punjab Flagships,Social Welfare & Mass Marriages,Navigational,/punjab-schemes/,Published,cm-punjab-dhee-rani-program-2026-online-apply,Phase 6 - Published (2026-09-21),Targeted via Dhee Rani Program guide
cm punjab solar panel scheme 2026 online apply,Provincial Schemes: Punjab Flagships,Solar Energy & Roshan Gharana,Transactional,/other-schemes/,Published,cm-punjab-solar-panel-scheme-2026-online-apply,Phase 6 - Published (2026-09-21),energy.punjab.gov.pk / Roshan Gharana 8800 SMS & balloting guide
roshan gharana scheme online apply 2026,Provincial Schemes: Punjab Flagships,Solar Energy & Roshan Gharana,Transactional,/other-schemes/,Published,cm-punjab-solar-panel-scheme-2026-online-apply,Phase 6 - Published (2026-09-21),Targeted via CM Punjab Solar Panel Scheme guide
cm punjab livestock card scheme 2026 online apply,Provincial Schemes: Punjab Flagships,Livestock & Dairy Financing,Transactional,/other-schemes/,Published,cm-punjab-livestock-card-scheme-2026-online-apply,Phase 6 - Published (2026-09-21),plc.punjab.gov.pk Rs 270000 interest-free cattle loan & 8070 SMS guide
punjab livestock card registration,Provincial Schemes: Punjab Flagships,Livestock & Dairy Financing,Transactional,/other-schemes/,Published,cm-punjab-livestock-card-scheme-2026-online-apply,Phase 6 - Published (2026-09-21),Targeted via CM Punjab Livestock Card Scheme guide
cm punjab himmat card online apply,Provincial Schemes: Punjab Flagships,Special Persons Allowance & DPMIS,Transactional,/other-schemes/,Published,cm-punjab-himmat-card-online-apply-2026; himmat-card-eligibility-check-guide,Phase 6 - Published (2026-09-20),dpmis.punjab.gov.pk Rs 10500 quarterly disability stipend guide
himmat card dpmis online apply 2026,Provincial Schemes: Punjab Flagships,Special Persons Allowance & DPMIS,Transactional,/other-schemes/,Published,cm-punjab-himmat-card-online-apply-2026,Phase 6 - Published (2026-09-20),Targeted via CM Punjab Himmat Card Online Apply guide
benazir taleemi wazaif check online by cnic,Taleemi Wazaif,School Stipends & Verification,Informational,/taleemi-wazaif/,Published,benazir-taleemi-wazaif-check-online-by-cnic; taleemi-wazaif-registration-guide,Phase 6 - Published (2026-09-20),Official primary to higher-secondary conditional cash transfer stipend check guide
taleemi wazaif online check 2026,Taleemi Wazaif,School Stipends & Verification,Informational,/taleemi-wazaif/,Published,benazir-taleemi-wazaif-check-online-by-cnic,Phase 6 - Published (2026-09-20),Targeted via Benazir Taleemi Wazaif Check Online by CNIC guide
bisp 8171 balance check online kaise karein,Urdu/Roman Urdu Layer,Balance Check in Urdu,Informational,/payment-check/,Published,bisp-8171-balance-check-online-kaise-karein,Phase 5 & 6 - Published (2026-09-21),High-intent Roman Urdu guide for 8171 balance check & ATM cash collection
benazir kafalat balance check karne ka tarika,Urdu/Roman Urdu Layer,Balance Check in Urdu,Informational,/payment-check/,Published,bisp-8171-balance-check-online-kaise-karein,Phase 5 & 6 - Published (2026-09-21),Targeted via BISP 8171 Balance Check Online Kaise Karein guide
apna khet apna rozgar scheme apply online 2026,Provincial Schemes: Punjab Flagships,Agricultural Land & Employment,Transactional,/other-schemes/,Published,apna-khet-apna-rozgar-scheme-apply-online-2026,Phase 6 - Published (2026-09-20),Punjab government agricultural land allocation & subsidy registration guide
why was my benazir kafaalat case paused,Benazir Kafaalat,Disbursement & Re-verification Issues,Informational,/benazir-kafaalat/,Published,benazir-kafaalat-case-paused-reasons,Phase 3 - Published (2026-09-20),"6 common reasons for paused payments (NADRA expiry, biometric, PMT review) and official fixes"
pave scheme 2026 eligibility electric bike subsidy online apply,Other Government Schemes,Electric Bike & Mobility Subsidies,Transactional,/other-schemes/,Published,pave-scheme-2026-eligibility-electric-bike-subsidy-online-apply; electric-bike-scheme-guide,Phase 6 - Published (2026-09-20),"Federal/Provincial electric bike subsidy, BOP financing & student eligibility guide"
prime minister youth loan scheme 2026,Other Government Schemes,Youth Entrepreneurship & Loans,Transactional,/other-schemes/,Published,prime-minister-youth-loan-scheme-2026; pm-youth-business-loan-guide,Phase 6 - Published (2026-09-19),pmyp.gov.pk Tier 1 (interest-free) to Tier 3 commercial youth business loan guide
fuel scheme rs 100 per litre petrol relief guide,Other Government Schemes,Targeted Fuel Subsidy,Informational,/other-schemes/,Published,fuel-scheme-rs-100-per-litre-petrol-relief-guide; fuel-relief-scheme-guide,Phase 6 - Published (2026-09-19),"Rs 100/Litre targeted petrol subsidy verification, 786/8171 SMS registration guide"
ramzan package check,Other Government Schemes,Seasonal Relief & Subsidies,Informational,/other-schemes/,Published,ramzan-package-check-guide,Published (2026-09-14),Clarifies 8171 vs 9999 vs 8070 numbers for Ramzan relief & Muft Atta
land record punjab online check by cnic,Provincial Schemes (Other Schemes),Land Records & Verification,Informational,/other-schemes/,Published,punjab-land-record-check-guide,Published (2026-09-14),PLRA Arazi Record Center & online fard verification by CNIC
nigehban card check online by cnic pakistan,Provincial Schemes: Punjab Flagships,Special Relief & Ration Cards,Informational,/other-schemes/,Published,nigehban-card-check-guide,Published (2026-09-15),Maryam Nawaz Nigehban Ramadan & ration package CNIC check guide
nashonuma program,Ehsaas Programmes,Maternal & Child Health Nutrition,Informational,/ehsaas-programs/,Published,nashonuma-program,Published (2026-09-13),BISP Nashonuma specialized nutrition food & cash transfer stipend guide
zakat pakistan,Other Government Schemes,Social Welfare & Zakat,Informational,/other-schemes/,Published,zakat-and-bisp-eligibility,Published (2026-09-13),"Provincial Zakat committees, Guzara Allowance & BISP dual eligibility rules"
bisp 8171 paise check karne ka tarika,Urdu/Roman Urdu Layer,Payment Check in Roman Urdu,Informational,/payment-check/,Published,bisp-8171-paise-check-karne-ka-tarika,Phase 7 - Published (2026-09-21),Published: Beneficiary ATM cash withdrawal & 8171 SMS status in Roman Urdu
bisp kafaalat 13500 check online kaise karein,Urdu/Roman Urdu Layer,Kafaalat Installment in Urdu,Informational,/benazir-kafaalat/,Published,bisp-kafaalat-13500-check-online-kaise-karein,Phase 7 - Published (2026-09-21),Published: New Rs 13500 quarterly tranche check & dates in Roman Urdu
bisp new registration form online apply kaise karein,Urdu/Roman Urdu Layer,BISP Registration in Urdu,Transactional,/bisp-registration/,Published,bisp-new-registration-form-online-apply-kaise-karein,Phase 7 - Published (2026-09-21),Published: Dynamic survey form filling & tehsil desk guide in Roman Urdu
benazir taleemi wazaif form download aur jama karne ka tarika,Urdu/Roman Urdu Layer,Taleemi Wazaif in Urdu,Informational,/taleemi-wazaif/,Published,benazir-taleemi-wazaif-form-download-tarika,Phase 7 - Published (2026-09-21),Published: School admission slip & submission steps in Roman Urdu
bisp helpline number complaint kaise darj karein,Urdu/Roman Urdu Layer,Helpline & Complaints in Urdu,Informational,/payment-check/,Published,bisp-helpline-number-complaint-kaise-darj-karein,Phase 7 - Published (2026-09-21),Published: 0800-26477 toll-free helpline & retailer deduction complaints in Roman Urdu
bisp and ehsaas difference,Brand / Navigational (Official Sources),BISP vs Ehsaas Comparison,Informational,/bisp-registration/,Planned (Next),bisp-and-ehsaas-difference-guide,Phase 7 - Next in Pipeline (SEO Content Creator),Priority 6 (From Calendar Hold): Historical & official relationship between BISP & Ehsaas
bisp tehsil office lahore list and addresses,Ehsaas Registration Centers,Lahore Tehsil Offices,Navigational,/bisp-registration/,Planned (Next),bisp-tehsil-office-lahore-addresses-guide,Phase 7 - Next in Pipeline (SEO Content Creator),Priority 7: Complete verified directory of BISP offices & dynamic survey desks in Lahore
bisp office rawalpindi addresses and contact number,Ehsaas Registration Centers,Rawalpindi Tehsil Offices,Navigational,/bisp-registration/,Planned (Next),bisp-office-rawalpindi-addresses-guide,Phase 7 - Next in Pipeline (SEO Content Creator),Priority 8: Complete verified directory of Rawalpindi & Islamabad district BISP offices
bisp tehsil office karachi district list,Ehsaas Registration Centers,Karachi Tehsil Offices,Navigational,/bisp-registration/,Planned (Next),bisp-tehsil-office-karachi-districts-guide,Phase 7 - Next in Pipeline (SEO Content Creator),Priority 9: Complete verified directory of Karachi division BISP centers by district
pmt score above 32 bisp re survey guide,PMT Score & NSER Survey,PMT Score Re-assessment,Informational,/nser-pmt-score/,Planned (Next),pmt-score-above-32-bisp-re-survey-guide,Phase 7 - Next in Pipeline (SEO Content Creator),Priority 10: Official procedure to challenge poverty cutoff score & request NSER update
bisp agent deduction complaint 8171 retailer penalty,Payment & Balance Check,Payment Deductions & Complaints,Informational,/payment-check/,Planned (Next),bisp-agent-deduction-complaint-retailer-penalty,Phase 7 - Next in Pipeline (SEO Content Creator),"Priority 11: Anti-fraud guide to reporting fee cuts, retailer blacklisting & full cash recovery"
punjab solar tube well scheme 2026 online apply,Provincial Schemes: Punjab Flagships,Agricultural Solar Subsidies,Transactional,/other-schemes/,Planned (Next),punjab-solar-tube-well-scheme-2026-online-apply,Phase 7 - Next in Pipeline (SEO Content Creator),Priority 12: Punjab government solar conversion scheme for agricultural tube wells
kisan card 8070 pin verification and bop atm activation,Provincial Schemes: Punjab Flagships,Kisan Card Activation & Use,Informational,/other-schemes/,Planned (Next),kisan-card-8070-pin-verification-bop-activation,Phase 7 - Next in Pipeline (SEO Content Creator),Priority 13: Technical walkthrough for BOP Kisan Card PIN setup & POS fertilizer purchase