Keyword,Topical Cluster,Sub-Topic,Search Intent,Recommended Site Page
ehsaas tracking,8171 Portal & CNIC Check,8171 Tracking,Informational,/8171/
ehsaas tracking news,8171 Portal & CNIC Check,8171 Tracking,Informational,/8171/
ehsaas tracking pass gov pk,8171 Portal & CNIC Check,8171 Tracking,Navigational,/8171/
ehsas tracking pass.gov.pk,8171 Portal & CNIC Check,8171 Tracking,Navigational,/8171/
5771 check online,8171 Portal & CNIC Check,8171 Web Portal Status Check,Informational,/8171/
7181 check online 2023,8171 Portal & CNIC Check,8171 Web Portal Status Check,Informational,/8171/
786 web portal,8171 Portal & CNIC Check,8171 Web Portal Status Check,Navigational,/8171/
8171 bisp gov pk,8171 Portal & CNIC Check,8171 Web Portal Status Check,Navigational,/8171/
8171 check online,8171 Portal & CNIC Check,8171 Web Portal Status Check,Informational,/8171/
8171 check online 2022,8171 Portal & CNIC Check,8171 Web Portal Status Check,Informational,/8171/
8171 check online 2022 registration,8171 Portal & CNIC Check,8171 Web Portal Status Check,Navigational,/8171/
8171 check online 2023,8171 Portal & CNIC Check,8171 Web Portal Status Check,Informational,/8171/
8171 check online 2023 by cnic,8171 Portal & CNIC Check,8171 Web Portal Status Check,Informational,/8171/
8171 check online 2023 registration date,8171 Portal & CNIC Check,8171 Web Portal Status Check,Navigational,/8171/
8171 check online 2026,8171 Portal & CNIC Check,8171 Web Portal Status Check,Informational,/8171/
8171 check online 25000,8171 Portal & CNIC Check,8171 Web Portal Status Check,Informational,/8171/
8171 check online cnic 2025,8171 Portal & CNIC Check,8171 Web Portal Status Check,Informational,/8171/
8171 check online cnic 2026,8171 Portal & CNIC Check,8171 Web Portal Status Check,Informational,/8171/
8171 check online cnic 2026 payment,8171 Portal & CNIC Check,8171 Web Portal Status Check,Informational,/8171/
8171 check online cnic 8171 portal,8171 Portal & CNIC Check,8171 Web Portal Status Check,Navigational,/8171/
8171 check online cnic login 2026,8171 Portal & CNIC Check,8171 Web Portal Status Check,Navigational,/8171/
8171 online check 2023,8171 Portal & CNIC Check,8171 Web Portal Status Check,Informational,/8171/
8171 portal,8171 Portal & CNIC Check,8171 Web Portal Status Check,Navigational,/8171/
8171 portal 2023,8171 Portal & CNIC Check,8171 Web Portal Status Check,Navigational,/8171/
8171 portal 2026,8171 Portal & CNIC Check,8171 Web Portal Status Check,Navigational,/8171/
8171 register,8171 Portal & CNIC Check,8171 Web Portal Status Check,Navigational,/8171/
8171 web portal,8171 Portal & CNIC Check,8171 Web Portal Status Check,Navigational,/8171/
8171 web portal 13500 payment status,8171 Portal & CNIC Check,8171 Web Portal Status Check,Navigational,/8171/
8171 web portal 2025,8171 Portal & CNIC Check,8171 Web Portal Status Check,Navigational,/8171/
8171 web portal 2025 check online 13500,8171 Portal & CNIC Check,8171 Web Portal Status Check,Navigational,/8171/
8171 web portal 2025 check online 13500 pakistan,8171 Portal & CNIC Check,8171 Web Portal Status Check,Navigational,/8171/
8171 web portal registration,8171 Portal & CNIC Check,8171 Web Portal Status Check,Navigational,/8171/
8171 web portal registration 2025,8171 Portal & CNIC Check,8171 Web Portal Status Check,Navigational,/8171/
bisp 8171 eligibility check,8171 Portal & CNIC Check,8171 Web Portal Status Check,Informational,/8171/
bisp 8171 online apply,8171 Portal & CNIC Check,8171 Web Portal Status Check,Navigational,/8171/
bisp 8171 online registration,8171 Portal & CNIC Check,8171 Web Portal Status Check,Navigational,/8171/
bisp 8171 web portal,8171 Portal & CNIC Check,8171 Web Portal Status Check,Navigational,/8171/
ehsaas 8171 web portal,8171 Portal & CNIC Check,8171 Web Portal Status Check,Navigational,/8171/
ehsaas program 8171 check online 2023,8171 Portal & CNIC Check,8171 Web Portal Status Check,Informational,/8171/
ehsaas program 8171 online cnic check,8171 Portal & CNIC Check,8171 Web Portal Status Check,Informational,/8171/
web portal 8171,8171 Portal & CNIC Check,8171 Web Portal Status Check,Navigational,/8171/
web portal 8171 check,8171 Portal & CNIC Check,8171 Web Portal Status Check,Navigational,/8171/
bisp registration check by cnic,8171 Portal & CNIC Check,CNIC-Based Status Check,Navigational,/8171/
ehsaas program cnic check,8171 Portal & CNIC Check,CNIC-Based Status Check,Informational,/8171/
ehsaas program cnic check online,8171 Portal & CNIC Check,CNIC-Based Status Check,Informational,/8171/
ehsaas program cnic check online 14000,8171 Portal & CNIC Check,CNIC-Based Status Check,Informational,/8171/
ehsaas program cnic check online 2021,8171 Portal & CNIC Check,CNIC-Based Status Check,Informational,/8171/
online cnic verification,8171 Portal & CNIC Check,CNIC-Based Status Check,Informational,/8171/
bisp login username and password,8171 Portal & CNIC Check,Portal Login,Navigational,/8171/
eligibility criteria for bisp,BISP Registration & Application,Eligibility Criteria,Informational,/bisp-registration/
how to check bisp eligibility,BISP Registration & Application,Eligibility Criteria,Informational,/bisp-registration/
benazir form,BISP Registration & Application,General BISP / Benazir Programme,Informational,/bisp-registration/
benazir income support program,BISP Registration & Application,General BISP / Benazir Programme,Informational,/bisp-registration/
benazir income support program check account,BISP Registration & Application,General BISP / Benazir Programme,Informational,/bisp-registration/
benazir income support program online check,BISP Registration & Application,General BISP / Benazir Programme,Informational,/bisp-registration/
benazir income support programme card,BISP Registration & Application,General BISP / Benazir Programme,Informational,/bisp-registration/
benazir program,BISP Registration & Application,General BISP / Benazir Programme,Informational,/bisp-registration/
bisp,BISP Registration & Application,General BISP / Benazir Programme,Informational,/bisp-registration/
bisp registration,BISP Registration & Application,General BISP / Benazir Programme,Navigational,/bisp-registration/
bisp score check,BISP Registration & Application,General BISP / Benazir Programme,Informational,/bisp-registration/
bisp verification,BISP Registration & Application,General BISP / Benazir Programme,Informational,/bisp-registration/
online benazir,BISP Registration & Application,General BISP / Benazir Programme,Informational,/bisp-registration/
apply for benazir income support programme,BISP Registration & Application,Registration / Application Process,Navigational,/bisp-registration/
benazir income support online registration,BISP Registration & Application,Registration / Application Process,Navigational,/bisp-registration/
benazir income support online registration 2023,BISP Registration & Application,Registration / Application Process,Navigational,/bisp-registration/
benazir income support programme online registration,BISP Registration & Application,Registration / Application Process,Navigational,/bisp-registration/
bisp online registration,BISP Registration & Application,Registration / Application Process,Navigational,/bisp-registration/
bisp online registration check by cnic,BISP Registration & Application,Registration / Application Process,Navigational,/bisp-registration/
ehsaas program cnic check online registration,BISP Registration & Application,Registration / Application Process,Navigational,/bisp-registration/
ehsaas program cnic check online registration 2021,BISP Registration & Application,Registration / Application Process,Navigational,/bisp-registration/
ehsaas program cnic check online registration 2022,BISP Registration & Application,Registration / Application Process,Navigational,/bisp-registration/
fc online registration slip,BISP Registration & Application,Registration / Application Process,Navigational,/bisp-registration/
how to apply bisp,BISP Registration & Application,Registration / Application Process,Informational,/bisp-registration/
how to apply bisp online,BISP Registration & Application,Registration / Application Process,Informational,/bisp-registration/
how to apply for benazir income support,BISP Registration & Application,Registration / Application Process,Informational,/bisp-registration/
how to apply for benazir income support program,BISP Registration & Application,Registration / Application Process,Informational,/bisp-registration/
how to register for bisp,BISP Registration & Application,Registration / Application Process,Informational,/bisp-registration/
how to register for ehsaas program,BISP Registration & Application,Registration / Application Process,Informational,/bisp-registration/
how to register in benazir income support,BISP Registration & Application,Registration / Application Process,Informational,/bisp-registration/
how to register in bisp,BISP Registration & Application,Registration / Application Process,Informational,/bisp-registration/
ihsas program kpk online registration 2021,BISP Registration & Application,Registration / Application Process,Navigational,/bisp-registration/
nphp online registration,BISP Registration & Application,Registration / Application Process,Navigational,/bisp-registration/
online registration benazir income support,BISP Registration & Application,Registration / Application Process,Navigational,/bisp-registration/
online registration benazir income support programme,BISP Registration & Application,Registration / Application Process,Navigational,/bisp-registration/
online registration benazir income support programme 2022,BISP Registration & Application,Registration / Application Process,Navigational,/bisp-registration/
online registration bisp,BISP Registration & Application,Registration / Application Process,Navigational,/bisp-registration/
www bisp gov pk online registration,BISP Registration & Application,Registration / Application Process,Navigational,/bisp-registration/
www.bisp.gov.pk online apply,BISP Registration & Application,Registration / Application Process,Navigational,/bisp-registration/
ahsas kafalat,Benazir Kafaalat,Kafaalat Registration & CNIC Check,Informational,/benazir-kafaalat/
ehsaas kafalat online registration,Benazir Kafaalat,Kafaalat Registration & CNIC Check,Navigational,/benazir-kafaalat/
ehsaas kafalat program,Benazir Kafaalat,Kafaalat Registration & CNIC Check,Informational,/benazir-kafaalat/
ehsaas kafalat program 2022,Benazir Kafaalat,Kafaalat Registration & CNIC Check,Informational,/benazir-kafaalat/
ehsaas kafalat program 2022 online registration,Benazir Kafaalat,Kafaalat Registration & CNIC Check,Navigational,/benazir-kafaalat/
ehsaas kafalat program 2023,Benazir Kafaalat,Kafaalat Registration & CNIC Check,Informational,/benazir-kafaalat/
ehsaas kafalat program check cnic,Benazir Kafaalat,Kafaalat Registration & CNIC Check,Informational,/benazir-kafaalat/
ehsaas kafalat program online registration,Benazir Kafaalat,Kafaalat Registration & CNIC Check,Navigational,/benazir-kafaalat/
ehsaas kafalat registration,Benazir Kafaalat,Kafaalat Registration & CNIC Check,Navigational,/benazir-kafaalat/
ehsas kafalat program 2021 online registration,Benazir Kafaalat,Kafaalat Registration & CNIC Check,Navigational,/benazir-kafaalat/
ehsas kafalat program check cnic,Benazir Kafaalat,Kafaalat Registration & CNIC Check,Informational,/benazir-kafaalat/
ehsas kafalat program nadra,Benazir Kafaalat,Kafaalat Registration & CNIC Check,Informational,/benazir-kafaalat/
ehsas kafalat program nadra online registration,Benazir Kafaalat,Kafaalat Registration & CNIC Check,Navigational,/benazir-kafaalat/
ehsas kafalat program online registration 2023,Benazir Kafaalat,Kafaalat Registration & CNIC Check,Navigational,/benazir-kafaalat/
ehssas kafalat nadra gov.pk,Benazir Kafaalat,Kafaalat Registration & CNIC Check,Navigational,/benazir-kafaalat/
how to check ehsaas kafalat program money online,Benazir Kafaalat,Kafaalat Registration & CNIC Check,Informational,/benazir-kafaalat/
ihsaas kafalat,Benazir Kafaalat,Kafaalat Registration & CNIC Check,Informational,/benazir-kafaalat/
bisp official website,Brand / Navigational (Official Sources),Official Website Lookup,Navigational,/8171/ + /bisp-registration/ (official links)
bisp website,Brand / Navigational (Official Sources),Official Website Lookup,Navigational,/8171/ + /bisp-registration/ (official links)
ehsaas program official website,Brand / Navigational (Official Sources),Official Website Lookup,Navigational,/8171/ + /bisp-registration/ (official links)
ehsaas program website,Brand / Navigational (Official Sources),Official Website Lookup,Navigational,/8171/ + /bisp-registration/ (official links)
ehsaas emergency cash program,Ehsaas Emergency Cash Programme,Emergency Cash Disbursement,Informational,/other-schemes/ (new article)
ehsaas emergency cash program 2021,Ehsaas Emergency Cash Programme,Emergency Cash Disbursement,Informational,/other-schemes/ (new article)
ehsaas emergency cash program 2022,Ehsaas Emergency Cash Programme,Emergency Cash Disbursement,Informational,/other-schemes/ (new article)
ehsaas emergency cash program nadra 2021,Ehsaas Emergency Cash Programme,Emergency Cash Disbursement,Informational,/other-schemes/ (new article)
ehsaas emergency program 2021,Ehsaas Emergency Cash Programme,Emergency Cash Disbursement,Informational,/other-schemes/ (new article)
ehsaas emergency program 2023,Ehsaas Emergency Cash Programme,Emergency Cash Disbursement,Informational,/other-schemes/ (new article)
ehsaas program 12000,Ehsaas Emergency Cash Programme,Emergency Cash Disbursement,Informational,/other-schemes/ (new article)
ehsaas program 12000 online apply,Ehsaas Emergency Cash Programme,Emergency Cash Disbursement,Navigational,/other-schemes/ (new article)
government emergency cash,Ehsaas Emergency Cash Programme,Emergency Cash Disbursement,Informational,/other-schemes/ (new article)
pakistan emergency cash,Ehsaas Emergency Cash Programme,Emergency Cash Disbursement,Informational,/other-schemes/ (new article)
ahsas loan program,Ehsaas Interest-Free Loans & Saving Wallets,Loans & Saving Wallets,Informational,/other-schemes/ (new article)
ehsaas loan 75000 online registration,Ehsaas Interest-Free Loans & Saving Wallets,Loans & Saving Wallets,Navigational,/other-schemes/ (new article)
ehsaas loan program 2022,Ehsaas Interest-Free Loans & Saving Wallets,Loans & Saving Wallets,Informational,/other-schemes/ (new article)
ehsaas program loan,Ehsaas Interest-Free Loans & Saving Wallets,Loans & Saving Wallets,Informational,/other-schemes/ (new article)
ehsaas program loan scheme apply online 2021,Ehsaas Interest-Free Loans & Saving Wallets,Loans & Saving Wallets,Navigational,/other-schemes/ (new article)
ehsaas saving wallets,Ehsaas Interest-Free Loans & Saving Wallets,Loans & Saving Wallets,Informational,/other-schemes/ (new article)
ehsaas saving wallets programme,Ehsaas Interest-Free Loans & Saving Wallets,Loans & Saving Wallets,Informational,/other-schemes/ (new article)
ahsas registration,Ehsaas Programme (Brand),General Ehsaas Programme,Navigational,/ (homepage) + /news/
ehsaas,Ehsaas Programme (Brand),General Ehsaas Programme,Informational,/ (homepage) + /news/
ehsaas card,Ehsaas Programme (Brand),General Ehsaas Programme,Informational,/ (homepage) + /news/
ehsaas cash program 2021,Ehsaas Programme (Brand),General Ehsaas Programme,Informational,/ (homepage) + /news/
ehsaas program,Ehsaas Programme (Brand),General Ehsaas Programme,Informational,/ (homepage) + /news/
ehsaas program 2022,Ehsaas Programme (Brand),General Ehsaas Programme,Informational,/ (homepage) + /news/
ehsaas program 2022 registration online,Ehsaas Programme (Brand),General Ehsaas Programme,Navigational,/ (homepage) + /news/
ehsaas program check,Ehsaas Programme (Brand),General Ehsaas Programme,Informational,/ (homepage) + /news/
ehsaas program online check,Ehsaas Programme (Brand),General Ehsaas Programme,Informational,/ (homepage) + /news/
ehsaas program online check mediem,Ehsaas Programme (Brand),General Ehsaas Programme,Informational,/ (homepage) + /news/
ehsaas program registration online,Ehsaas Programme (Brand),General Ehsaas Programme,Navigational,/ (homepage) + /news/
ehsaas program techslearn,Ehsaas Programme (Brand),General Ehsaas Programme,Informational,/ (homepage) + /news/
ehsaas programme registration,Ehsaas Programme (Brand),General Ehsaas Programme,Navigational,/ (homepage) + /news/
ehsaas registration online,Ehsaas Programme (Brand),General Ehsaas Programme,Navigational,/ (homepage) + /news/
ehsaas subsidy enquiry,Ehsaas Programme (Brand),General Ehsaas Programme,Informational,/ (homepage) + /news/
ehsas program office,Ehsaas Programme (Brand),General Ehsaas Programme,Informational,/ (homepage) + /news/
ehsas program pakistan,Ehsaas Programme (Brand),General Ehsaas Programme,Informational,/ (homepage) + /news/
esas programs,Ehsaas Programme (Brand),General Ehsaas Programme,Informational,/ (homepage) + /news/
home of pk ehsaas program,Ehsaas Programme (Brand),General Ehsaas Programme,Informational,/ (homepage) + /news/
how to check ehsaas program money online,Ehsaas Programme (Brand),General Ehsaas Programme,Informational,/ (homepage) + /news/
how to check ehsaas program status,Ehsaas Programme (Brand),General Ehsaas Programme,Informational,/ (homepage) + /news/
online ehsaas program registration 2022,Ehsaas Programme (Brand),General Ehsaas Programme,Navigational,/ (homepage) + /news/
www ehsaas program,Ehsaas Programme (Brand),General Ehsaas Programme,Informational,/ (homepage) + /news/
8123 ehsaas program cnic check online,Ehsaas Rashan / Ration Programme,Rashan Card & Ration,Informational,/other-schemes/ (new article)
8123 ehsaas rashan program,Ehsaas Rashan / Ration Programme,Rashan Card & Ration,Informational,/other-schemes/ (new article)
ehsaas rashan program 8123,Ehsaas Rashan / Ration Programme,Rashan Card & Ration,Informational,/other-schemes/ (new article)
ehsas rashan program,Ehsaas Rashan / Ration Programme,Rashan Card & Ration,Informational,/other-schemes/ (new article)
ehsas rashan programme,Ehsaas Rashan / Ration Programme,Rashan Card & Ration,Informational,/other-schemes/ (new article)
punjab ration program,Ehsaas Rashan / Ration Programme,Rashan Card & Ration,Informational,/other-schemes/ (new article)
ration card download,Ehsaas Rashan / Ration Programme,Rashan Card & Ration,Informational,/other-schemes/ (new article)
ahsaas registration center,Ehsaas Registration Centers,Registration Center Locator,Navigational,/other-schemes/ (new article)
ahsas registration center,Ehsaas Registration Centers,Registration Center Locator,Navigational,/other-schemes/ (new article)
ahsas registration center lahore,Ehsaas Registration Centers,Registration Center Locator,Navigational,/other-schemes/ (new article)
ahsas registration center rawalpindi,Ehsaas Registration Centers,Registration Center Locator,Navigational,/other-schemes/ (new article)
ehsaas registration center,Ehsaas Registration Centers,Registration Center Locator,Navigational,/other-schemes/ (new article)
ehsaas registration center lahore,Ehsaas Registration Centers,Registration Center Locator,Navigational,/other-schemes/ (new article)
ehsaas registration center near me,Ehsaas Registration Centers,Registration Center Locator,Navigational,/other-schemes/ (new article)
ehsaas registration center online apply,Ehsaas Registration Centers,Registration Center Locator,Navigational,/other-schemes/ (new article)
ehsaas registration centre,Ehsaas Registration Centers,Registration Center Locator,Navigational,/other-schemes/ (new article)
economic survey of punjab,PMT Score & NSER Survey,NSER Registration,Informational,/8171/ (new PMT/NSER guide)
ehsaas nser survey online registration,PMT Score & NSER Survey,NSER Registration,Navigational,/8171/ (new PMT/NSER guide)
nser check balance online,PMT Score & NSER Survey,NSER Registration,Informational,/8171/ (new PMT/NSER guide)
nser check online,PMT Score & NSER Survey,NSER Registration,Informational,/8171/ (new PMT/NSER guide)
nser ehsaas program,PMT Score & NSER Survey,NSER Registration,Informational,/8171/ (new PMT/NSER guide)
nser online registration,PMT Score & NSER Survey,NSER Registration,Navigational,/8171/ (new PMT/NSER guide)
nser online registration 2022 check,PMT Score & NSER Survey,NSER Registration,Navigational,/8171/ (new PMT/NSER guide)
nser registration check by cnic,PMT Score & NSER Survey,NSER Registration,Navigational,/8171/ (new PMT/NSER guide)
nser registration online 2022,PMT Score & NSER Survey,NSER Registration,Navigational,/8171/ (new PMT/NSER guide)
nser survey 2022 ilmi,PMT Score & NSER Survey,NSER Registration,Informational,/8171/ (new PMT/NSER guide)
nser survey online registration,PMT Score & NSER Survey,NSER Registration,Navigational,/8171/ (new PMT/NSER guide)
nser survey online registration check,PMT Score & NSER Survey,NSER Registration,Navigational,/8171/ (new PMT/NSER guide)
punjab socio economic survey,PMT Score & NSER Survey,NSER Registration,Informational,/8171/ (new PMT/NSER guide)
social security registration check,PMT Score & NSER Survey,NSER Registration,Navigational,/8171/ (new PMT/NSER guide)
8171 by preparation point,PMT Score & NSER Survey,PMT Score Check,Informational,/8171/ (new PMT/NSER guide)
8171 pmt score check,PMT Score & NSER Survey,PMT Score Check,Informational,/8171/ (new PMT/NSER guide)
8171 web portal pmt score check,PMT Score & NSER Survey,PMT Score Check,Navigational,/8171/ (new PMT/NSER guide)
bisp pmt score,PMT Score & NSER Survey,PMT Score Check,Informational,/8171/ (new PMT/NSER guide)
pmt score,PMT Score & NSER Survey,PMT Score Check,Informational,/8171/ (new PMT/NSER guide)
pmt score bisp,PMT Score & NSER Survey,PMT Score Check,Informational,/8171/ (new PMT/NSER guide)
pmt score check online,PMT Score & NSER Survey,PMT Score Check,Informational,/8171/ (new PMT/NSER guide)
pmt score check online by cnic pakistan,PMT Score & NSER Survey,PMT Score Check,Informational,/8171/ (new PMT/NSER guide)
what is pmt score,PMT Score & NSER Survey,PMT Score Check,Informational,/8171/ (new PMT/NSER guide)
benazir sim card,Payment & Balance Check,BISP Card Status,Informational,/payment-check/
bisp card check,Payment & Balance Check,BISP Card Status,Informational,/payment-check/
bisp id card check,Payment & Balance Check,BISP Card Status,Informational,/payment-check/
bisp check balance online by cnic 2026,Payment & Balance Check,Payment Status / Balance,Informational,/payment-check/
bisp payment check,Payment & Balance Check,Payment Status / Balance,Informational,/payment-check/
bisp payment method,Payment & Balance Check,Payment Status / Balance,Informational,/payment-check/
ehsaas program balance check,Payment & Balance Check,Payment Status / Balance,Informational,/payment-check/
cm punjab rozgar scheme,Provincial Schemes (Other Schemes),Punjab Rozgar Scheme,Informational,/other-schemes/ (new article)
cm rozgar scheme,Provincial Schemes (Other Schemes),Punjab Rozgar Scheme,Informational,/other-schemes/ (new article)
punjab rozgar scheme,Provincial Schemes (Other Schemes),Punjab Rozgar Scheme,Informational,/other-schemes/ (new article)
rozgar scheme loan,Provincial Schemes (Other Schemes),Punjab Rozgar Scheme,Informational,/other-schemes/ (new article)
www.rozgar.psic.punjab.gov.pk,Provincial Schemes (Other Schemes),Punjab Rozgar Scheme,Navigational,/other-schemes/ (new article)
احساس کفالت پروگرام 8171,Urdu / Roman Urdu Layer,8171 Kafaalat (Urdu),Informational,Future Urdu content layer (Phase 5)
