URL,Primary keyword,Last content update,Next scheduled review,Cadence,Review focus
https://pakbenefits.com/8171/,8171 web portal,"September 13, 2026",2026-10-01,Monthly,"Official notices, dates, eligibility, payment terms, source links, FAQs"
https://pakbenefits.com/benazir-kafaalat/,benazir kafaalat,"September 13, 2026",2026-10-01,Monthly,"Official notices, dates, eligibility, payment terms, source links, FAQs"
https://pakbenefits.com/bisp-registration/,bisp registration overview,"September 13, 2026",2026-10-01,Monthly,"Official notices, dates, eligibility, payment terms, source links, FAQs"
https://pakbenefits.com/other-schemes/,government support schemes pakistan,"September 13, 2026",2026-10-01,Monthly,"Official notices, dates, eligibility, payment terms, source links, FAQs"
https://pakbenefits.com/taleemi-wazaif/,taleemi wazaif,"September 13, 2026",2026-10-01,Monthly,"Official notices, dates, eligibility, payment terms, source links, FAQs"
https://pakbenefits.com/news/,public service news pakistan,"September 13, 2026",2026-10-01,Monthly,"Official notices, dates, eligibility, payment terms, source links, FAQs"
https://pakbenefits.com/payment-check/,bisp payment guides,"September 13, 2026",2026-10-01,Monthly,"Official notices, dates, eligibility, payment terms, source links, FAQs"
https://pakbenefits.com/ehsaas-programs/,ehsaas program,"September 13, 2026",2026-10-01,Monthly,"Official notices, dates, eligibility, payment terms, source links, FAQs"
https://pakbenefits.com/nser-pmt-score/,household eligibility guides,"September 13, 2026",2026-10-01,Monthly,"Official notices, dates, eligibility, payment terms, source links, FAQs"
https://pakbenefits.com/punjab-schemes/,punjab schemes,"September 13, 2026",2026-10-01,Monthly,"Official notices, dates, eligibility, payment terms, source links, FAQs"
https://pakbenefits.com/ehsaas-tracking-check-payment-status/,ehsaas tracking,"September 13, 2026",2026-10-01,Monthly,"Official notices, dates, eligibility, payment terms, source links, FAQs"
https://pakbenefits.com/8171-web-portal-not-working/,8171 web portal not working,"August 14, 2026",2026-10-01,Monthly,"Official notices, dates, eligibility, payment terms, source links, FAQs"
https://pakbenefits.com/8171-786-ehsaas-tracking-official-number/,8171 786 ehsaas tracking,"August 14, 2026",2026-10-01,Monthly,"Official notices, dates, eligibility, payment terms, source links, FAQs"
https://pakbenefits.com/check-bisp-status-by-cnic-online/,check bisp status by cnic online,"August 14, 2026",2026-10-01,Monthly,"Official notices, dates, eligibility, payment terms, source links, FAQs"
https://pakbenefits.com/how-to-register-bisp-online-guide/,bisp 8171 online registration,"September 13, 2026",2026-10-01,Monthly,"Official notices, dates, eligibility, payment terms, source links, FAQs"
https://pakbenefits.com/nser-pmt-score-check-guide/,pmt score check,"September 13, 2026",2026-10-01,Monthly,"Official notices, dates, eligibility, payment terms, source links, FAQs"
https://pakbenefits.com/benazir-kafaalat-registration-cnic-check-guide/,benazir kafaalat registration cnic check,"August 7, 2026",2026-10-01,Monthly,"Official notices, dates, eligibility, payment terms, source links, FAQs"
https://pakbenefits.com/ehsaas-emergency-cash-program-guide/,ehsaas emergency cash programme,"August 3, 2026",2026-10-01,Monthly,"Official notices, dates, eligibility, payment terms, source links, FAQs"
https://pakbenefits.com/ehsaas-registration-center-locator-guide/,ehsaas registration center,"August 1, 2026",2026-10-01,Monthly,"Official notices, dates, eligibility, payment terms, source links, FAQs"
https://pakbenefits.com/ehsaas-interest-free-loan-saving-wallets-guide/,ehsaas saving wallets programme,"September 13, 2026",2026-10-01,Monthly,"Official notices, dates, eligibility, payment terms, source links, FAQs"
https://pakbenefits.com/ehsaas-rashan-program-guide/,ehsaas rashan programme,"July 28, 2026",2026-10-01,Monthly,"Official notices, dates, eligibility, payment terms, source links, FAQs"
https://pakbenefits.com/punjab-rozgar-scheme-guide/,punjab rozgar scheme,"September 13, 2026",2026-10-01,Monthly,"Official notices, dates, eligibility, payment terms, source links, FAQs"
https://pakbenefits.com/check-bisp-eligibility-8171/,check bisp eligibility 8171,"July 25, 2026",2026-10-01,Monthly,"Official notices, dates, eligibility, payment terms, source links, FAQs"
https://pakbenefits.com/benazir-kafaalat-payment-guide/,benazir kafaalat payment,"July 23, 2026",2026-10-01,Monthly,"Official notices, dates, eligibility, payment terms, source links, FAQs"
https://pakbenefits.com/taleemi-wazaif-registration-guide/,taleemi wazaif registration,"July 21, 2026",2026-10-01,Monthly,"Official notices, dates, eligibility, payment terms, source links, FAQs"
https://pakbenefits.com/pm-youth-business-loan-guide/,pm youth business loan,"September 13, 2026",2026-10-01,Monthly,"Official notices, dates, eligibility, payment terms, source links, FAQs"
https://pakbenefits.com/electric-bike-scheme-guide/,electric bike scheme,"September 13, 2026",2026-10-01,Monthly,"Official notices, dates, eligibility, payment terms, source links, FAQs"
https://pakbenefits.com/farmer-support-card-guide/,farmer support card,"September 13, 2026",2026-10-01,Monthly,"Official notices, dates, eligibility, payment terms, source links, FAQs"
https://pakbenefits.com/avoid-bisp-fraud/,bisp scam,"September 13, 2026",2026-10-01,Monthly,"Official notices, dates, eligibility, payment terms, source links, FAQs"
https://pakbenefits.com/documents-for-bisp-registration/,documents for bisp registration,"September 13, 2026",2026-10-01,Monthly,"Official notices, dates, eligibility, payment terms, source links, FAQs"
https://pakbenefits.com/ehsaas-tracking-news/,ehsaas tracking news 2026,"August 16, 2026",2026-10-01,Monthly,"Official notices, dates, eligibility, payment terms, source links, FAQs"
https://pakbenefits.com/8171-register/,8171 register,"August 16, 2026",2026-10-01,Monthly,"Official notices, dates, eligibility, payment terms, source links, FAQs"
https://pakbenefits.com/bisp-login-username-password/,bisp login username and password,"August 16, 2026",2026-10-01,Monthly,"Official notices, dates, eligibility, payment terms, source links, FAQs"
https://pakbenefits.com/benazir-form/,benazir form,"August 16, 2026",2026-10-01,Monthly,"Official notices, dates, eligibility, payment terms, source links, FAQs"
https://pakbenefits.com/check-bisp-account-status/,check bisp account status,"August 16, 2026",2026-10-01,Monthly,"Official notices, dates, eligibility, payment terms, source links, FAQs"
https://pakbenefits.com/bisp-balance-check-by-cnic-2026/,bisp 8171 online check balance,"September 13, 2026",2026-10-01,Monthly,"Official notices, dates, eligibility, payment terms, source links, FAQs"
https://pakbenefits.com/bisp-payment-method/,bisp payment method,"August 22, 2026",2026-10-01,Monthly,"Official notices, dates, eligibility, payment terms, source links, FAQs"
https://pakbenefits.com/ehsaas-program-balance-check/,ehsaas program balance check,"August 22, 2026",2026-10-01,Monthly,"Official notices, dates, eligibility, payment terms, source links, FAQs"
https://pakbenefits.com/what-is-pmt-score/,what is pmt score,"August 22, 2026",2026-10-01,Monthly,"Official notices, dates, eligibility, payment terms, source links, FAQs"
https://pakbenefits.com/benazir-sim-card/,benazir sim card,"August 22, 2026",2026-10-01,Monthly,"Official notices, dates, eligibility, payment terms, source links, FAQs"
https://pakbenefits.com/bisp-card-check/,bisp card check,"August 22, 2026",2026-10-01,Monthly,"Official notices, dates, eligibility, payment terms, source links, FAQs"
https://pakbenefits.com/bisp-id-card-check/,bisp id card check,"August 22, 2026",2026-10-01,Monthly,"Official notices, dates, eligibility, payment terms, source links, FAQs"
https://pakbenefits.com/cnic-verification-guide/,cnic check online,"September 13, 2026",2026-10-01,Monthly,"Official notices, dates, eligibility, payment terms, source links, FAQs"
https://pakbenefits.com/what-is-bisp/,bisp,"September 13, 2026",2026-10-01,Monthly,"Official notices, dates, eligibility, payment terms, source links, FAQs"
https://pakbenefits.com/nashonuma-program/,nashonuma program,"September 13, 2026",2026-10-01,Monthly,"Official notices, dates, eligibility, payment terms, source links, FAQs"
https://pakbenefits.com/zakat-and-bisp-eligibility/,zakat pakistan,"September 13, 2026",2026-10-01,Monthly,"Official notices, dates, eligibility, payment terms, source links, FAQs"
https://pakbenefits.com/bisp-payment-approved-but-no-cash-received/,bisp payment approved but no cash received,"September 19, 2026",2026-10-19,Monthly,"Payment collection phases, biometric alternatives, deduction complaints, FAQs"
https://pakbenefits.com/nser-survey-not-found/,nser survey not found,"September 19, 2026",2026-10-19,Monthly,"NSER survey registry procedures, tehsil office requirements, 8171 messages, FAQs"
https://pakbenefits.com/what-counts-as-a-good-pmt-score/,what counts as a good pmt score,"September 19, 2026",2026-10-19,Monthly,"PMT thresholds, disability exceptions, score bands, recertification rules, FAQs"
https://pakbenefits.com/cm-punjab-kisan-card-online-apply-2026/,cm punjab kisan card online apply 2026,"September 21, 2026",2026-10-21,Monthly,"8070 SMS syntax, PLRA land limits, BOP card delivery, input subsidies, FAQs"
https://pakbenefits.com/apni-chhat-apna-ghar-scheme-online-apply-2026/,apni chhat apna ghar scheme online apply 2026,"September 21, 2026",2026-10-21,Monthly,"ACAG portal steps, 1-5 marla criteria, 15 lakh tranches, PHATA inspection, FAQs"
https://pakbenefits.com/cm-punjab-honhaar-scholarship-program-2026/,cm punjab honhaar scholarship program 2026,"September 21, 2026",2026-10-21,Monthly,"PHEC portal registration, 68 disciplines, 50 universities, tuition grant, FAQs"
https://pakbenefits.com/bisp-registration-check-by-cnic-kaise-karein/,bisp registration check by cnic kaise karein,"September 21, 2026",2026-10-21,Monthly,"8171 portal steps, 8171 SMS format, BISP tehsil desk, documents list, FAQs"
https://pakbenefits.com/cm-punjab-green-tractor-scheme-2026-online-apply/,cm punjab green tractor scheme 2026 online apply,"September 21, 2026",2026-10-21,Monthly,"GTS portal steps, 1-50 acre criteria, Rs 10 lakh subsidy, e-balloting, FAQs"
https://pakbenefits.com/cm-punjab-dhee-rani-program-2026-online-apply/,cm punjab dhee rani program 2026 online apply,"September 21, 2026",2026-10-21,Monthly,"CMP portal steps, Rs 100000 Salami ATM, Jahez gift box, helpline 1312, FAQs"
