"Top pages","Clicks","Impressions","CTR","Position"
"https://pakbenefits.com/bisp-tehsil-office-karachi-districts-guide/","22.0","1205.0","0.0183","7.01"
"https://pakbenefits.com/national-savings-profit-rates/","9.0","810.0","0.0111","5.91"
"https://pakbenefits.com/punjab-land-record-check-guide/","9.0","268.0","0.0336","13.23"
"https://pakbenefits.com/bisp-atm-se-paise-nikalwane-ka-tarika/","9.0","218.0","0.041299999999999996","5.02"
"https://pakbenefits.com/prime-minister-youth-loan-scheme-2026/","9.0","123.0","0.0732","7.83"
"https://pakbenefits.com/bisp-tehsil-office-lahore-addresses-guide/","8.0","1194.0","0.0067","8.57"
"https://pakbenefits.com/8171-786-ehsaas-tracking-official-number/","8.0","394.0","0.0203","10.1"
"https://pakbenefits.com/fuel-relief-scheme-guide/","8.0","326.0","0.0245","6.5"
"https://pakbenefits.com/bisp-office-rawalpindi-addresses-guide/","7.0","918.0","0.0076","8.44"
"https://pakbenefits.com/cm-punjab-honhaar-scholarship-program-2026/","6.0","319.0","0.018799999999999997","6.73"
"https://pakbenefits.com/pasban-remittance-reward-scheme/","6.0","268.0","0.022400000000000003","7.82"
"https://pakbenefits.com/bisp-login-username-password/","6.0","70.0","0.0857","7.9"
"https://pakbenefits.com/nser-pmt-score-check-guide/","5.0","253.0","0.019799999999999998","13.91"
"https://pakbenefits.com/bisp-tehsil-office-peshawar-kpk-districts-list-addresses/","4.0","283.0","0.0141","10.06"
"https://pakbenefits.com/bisp-dynamic-survey-token-required-documents-guide/","4.0","128.0","0.031200000000000002","6.2"
"https://pakbenefits.com/kisan-card-8070-pin-verification-bop-activation/","4.0","107.0","0.0374","6.28"
"https://pakbenefits.com/bisp-tehsil-office-faisalabad-addresses-guide/","3.0","713.0","0.0042","8.05"
"https://pakbenefits.com/benazir-sim-card/","3.0","169.0","0.0178","8.08"
"https://pakbenefits.com/bisp-registration-check-by-cnic-kaise-karein/","3.0","125.0","0.024","8.74"
"https://pakbenefits.com/nser-pmt-score/","3.0","82.0","0.0366","37.59"
"https://pakbenefits.com/cm-punjab-apni-chhat-apna-ghar-loan-installment-tracking/","3.0","73.0","0.041100000000000005","6.42"
"https://pakbenefits.com/cm-punjab-e-bikes-scheme-phase-2/","3.0","53.0","0.056600000000000004","6.83"
"https://pakbenefits.com/ramzan-package-check-guide/","2.0","473.0","0.0042","9.56"
"https://pakbenefits.com/pink-scooty-scheme-2026-registration-eligibility-documents-balloting/","2.0","263.0","0.0076","7.21"
"https://pakbenefits.com/how-to-register-bisp-online-guide/","2.0","228.0","0.0088","26.88"
"https://pakbenefits.com/maryam-nawaz-electric-bike-scheme-2026/","2.0","225.0","0.0089","2.25"
"https://pakbenefits.com/benazir-form/","2.0","205.0","0.0098","9.82"
"https://pakbenefits.com/bisp-8171-paise-check-karne-ka-tarika/","2.0","183.0","0.0109","7.94"
"https://pakbenefits.com/bisp-biometric-verification-failed/","2.0","173.0","0.0116","5.54"
"https://pakbenefits.com/transport-fuel-relief-options/","2.0","94.0","0.0213","6.74"
"https://pakbenefits.com/bisp-biometric-verification-failed-fingerprint-solution/","2.0","71.0","0.0282","5.68"
"https://pakbenefits.com/fuel-scheme-rs-100-per-litre-petrol-relief-guide/","2.0","39.0","0.0513","6.31"
"https://pakbenefits.com/bisp-card-check/","2.0","25.0","0.08","10.48"
"https://pakbenefits.com/privacy-policy/","2.0","7.0","0.2857","7.86"
"https://pakbenefits.com/ehsaas-tracking-check-payment-status/","1.0","237.0","0.0042","9.48"
"https://pakbenefits.com/8171-web-portal-not-working/","1.0","184.0","0.0054","8.89"
"https://pakbenefits.com/benazir-kafaalat/","1.0","131.0","0.0076","23.08"
"https://pakbenefits.com/taleemi-wazaif/","1.0","59.0","0.0169","20.9"
"https://pakbenefits.com/bisp-8171-payment-balance-check-guide/","1.0","55.0","0.0182","12.02"
"https://pakbenefits.com/wazir-e-azam-apna-ghar-program/","1.0","54.0","0.018500000000000003","13.28"
"https://pakbenefits.com/cm-punjab-electric-bike-scheme/","1.0","40.0","0.025","7.42"
"https://pakbenefits.com/nser-survey-not-found/","1.0","37.0","0.027000000000000003","10.14"
"https://pakbenefits.com/cnic-verification-guide/","1.0","34.0","0.0294","12.21"
"https://pakbenefits.com/bisp-taleemi-wazaif-stipend-rates-2026/","1.0","31.0","0.0323","5.29"
"https://pakbenefits.com/documents-for-bisp-registration/","1.0","27.0","0.037000000000000005","10.52"
"https://pakbenefits.com/payment-check/","1.0","25.0","0.04","12.32"
"https://pakbenefits.com/how-to-check-bisp-eligibility-guide/","1.0","24.0","0.0417","7.46"
"https://pakbenefits.com/bisp-payment-approved-but-no-cash-received/","1.0","18.0","0.0556","6.0"
"https://pakbenefits.com/","1.0","16.0","0.0625","9.12"
"https://pakbenefits.com/bisp-id-card-check/","1.0","10.0","0.1","8.5"
"https://pakbenefits.com/ehsaas-tracking-news/","0.0","384.0","0.0","9.72"
"https://pakbenefits.com/check-bisp-status-by-cnic-online/","0.0","247.0","0.0","20.82"
"https://pakbenefits.com/bisp-benazir-kafaalat-8171-check/","0.0","90.0","0.0","9.09"
"https://pakbenefits.com/benazir-kafaalat-registration-cnic-check-guide/","0.0","57.0","0.0","16.49"
"https://pakbenefits.com/ehsaas-programs/","0.0","53.0","0.0","12.38"
"https://pakbenefits.com/benazir-kafaalat-case-paused-reasons/","0.0","52.0","0.0","4.33"
"https://pakbenefits.com/federal-contributory-pension-scheme/","0.0","51.0","0.0","4.59"
"https://pakbenefits.com/cm-punjab-rehmat-card-2026/","0.0","50.0","0.0","7.0"
"https://pakbenefits.com/apna-ghar-housing-scheme/","0.0","46.0","0.0","14.43"
"https://pakbenefits.com/what-is-pmt-score/","0.0","41.0","0.0","6.66"
"https://pakbenefits.com/ehsaas-registration-center-locator-guide/","0.0","38.0","0.0","17.61"
"https://pakbenefits.com/fake-8171-sms-check-complaint-pta-bisp-lottery-fraud-alert/","0.0","37.0","0.0","14.35"
"https://pakbenefits.com/news/","0.0","36.0","0.0","7.72"
"https://pakbenefits.com/bisp-payment-method/","0.0","36.0","0.0","8.19"
"https://pakbenefits.com/ehsaas-emergency-cash-program-guide/","0.0","36.0","0.0","21.5"
"https://pakbenefits.com/bisp-eligibility-criteria-guide/","0.0","34.0","0.0","5.94"
"https://pakbenefits.com/electric-bike-scheme-guide/","0.0","32.0","0.0","8.5"
"https://pakbenefits.com/bisp-taleemi-wazaif-70-attendance-rule-verification/","0.0","28.0","0.0","7.5"
"https://pakbenefits.com/ehsaas-kafalat-invalid-cnic-nser-update/","0.0","27.0","0.0","5.3"
"https://pakbenefits.com/benazir-kafaalat-payment-guide/","0.0","27.0","0.0","8.81"
"https://pakbenefits.com/bisp-registration/","0.0","25.0","0.0","35.84"
"https://pakbenefits.com/8171/","0.0","23.0","0.0","20.7"
"https://pakbenefits.com/check-bisp-eligibility-8171/","0.0","22.0","0.0","11.0"
"https://pakbenefits.com/provincial-bike-transport-schemes/","0.0","18.0","0.0","6.78"
"https://pakbenefits.com/apna-ghar-social-welfare-guide/","0.0","18.0","0.0","16.5"
"https://pakbenefits.com/check-bisp-account-status/","0.0","17.0","0.0","7.35"
"https://pakbenefits.com/farmer-support-card-guide/","0.0","16.0","0.0","7.69"
"https://pakbenefits.com/housing-social-cards-punjab/","0.0","16.0","0.0","12.12"
"https://pakbenefits.com/bisp-deceased-beneficiary-payment-transfer-procedure/","0.0","15.0","0.0","3.2"
"https://pakbenefits.com/other-schemes/","0.0","15.0","0.0","5.4"
"https://pakbenefits.com/bisp-pser-updates/","0.0","15.0","0.0","7.27"
"https://pakbenefits.com/punjab-rozgar-scheme-guide/","0.0","14.0","0.0","25.07"
"https://pakbenefits.com/housing-welfare-schemes/","0.0","11.0","0.0","24.73"
"https://pakbenefits.com/housing-and-remittance-initiatives/","0.0","11.0","0.0","27.36"
"https://pakbenefits.com/about-us/","0.0","10.0","0.0","6.3"
"https://pakbenefits.com/disclaimer/","0.0","9.0","0.0","3.33"
"https://pakbenefits.com/bisp-balance-check-by-cnic-2026/","0.0","9.0","0.0","45.67"
"https://pakbenefits.com/apni-zameen-apna-ghar-balloting-result-2026/","0.0","7.0","0.0","7.86"
"https://pakbenefits.com/provincial-regional-schemes/","0.0","4.0","0.0","7.75"
"https://pakbenefits.com/terms-and-conditions/","0.0","4.0","0.0","13.25"
"https://pakbenefits.com/bisp-payment-check-guide/","0.0","3.0","0.0","3.67"
"https://pakbenefits.com/ehsaas-rashan-program-guide/","0.0","3.0","0.0","10.0"
"https://pakbenefits.com/contact-us/","0.0","3.0","0.0","12.0"
"https://pakbenefits.com/pm-youth-business-loan-guide/","0.0","3.0","0.0","33.33"
"https://pakbenefits.com/8171-register/","0.0","2.0","0.0","7.5"
"https://pakbenefits.com/ehsaas-interest-free-loan-saving-wallets-guide/","0.0","2.0","0.0","8.0"
"https://pakbenefits.com/taleemi-wazaif-registration-guide/","0.0","2.0","0.0","13.0"
"https://pakbenefits.com/avoid-bisp-fraud/","0.0","1.0","0.0","10.0"