"Top queries","Clicks","Impressions","CTR","Position"
"bisp login username and password","5.0","36.0","0.1389","7.69"
"prime minister loan scheme 2026","4.0","26.0","0.15380000000000002","8.81"
"pmt score registration","3.0","6.0","0.5","59.0"
"7181","2.0","49.0","0.0408","18.8"
"maryam nawaz scooty scheme 2026 online apply","1.0","172.0","0.0058","1.0"
"bisp office north karachi","1.0","27.0","0.037000000000000005","5.7"
"benazir kafaalat","1.0","24.0","0.0417","9.67"
"ehsaas tracking pass","1.0","22.0","0.0455","6.55"
"bisp office near me open now","1.0","20.0","0.05","9.0"
"bisp divisional office rawalpindi photos","1.0","10.0","0.1","5.8"
"pm loan scheme 2026","1.0","9.0","0.11109999999999999","5.89"
"bisp tehsil office karachi","1.0","8.0","0.125","8.0"
"bisp peshawar office","1.0","7.0","0.1429","8.57"
"yes","1.0","5.0","0.2","2.8"
"wazir e azam scooty scheme","1.0","3.0","0.3333","4.0"
"bis office near me","1.0","2.0","0.5","4.5"
"bisp office karachi","1.0","2.0","0.5","4.5"
"check land record online","1.0","2.0","0.5","34.5"
"7181 check","1.0","1.0","1.0","1.0"
"pave portal","1.0","1.0","1.0","1.0"
"prime minister youth loan scheme 2026","1.0","1.0","1.0","3.0"
"kisan card code","1.0","1.0","1.0","9.0"
"jamabandi punjab pakistan","1.0","1.0","1.0","64.0"
"online registration bisp registration","1.0","1.0","1.0","66.0"
"bisp nser","1.0","1.0","1.0","91.0"
"bisp pmt score check sindh","1.0","1.0","1.0","92.0"
"8171 ramzan package check","0.0","309.0","0.0","9.1"
"ehsaas tracking","0.0","298.0","0.0","10.34"
"bisp office near me","0.0","111.0","0.0","10.24"
"8171 ramzan package check 2026","0.0","77.0","0.0","9.9"
"bisp office rawalpindi","0.0","72.0","0.0","8.38"
"bisp office faisalabad","0.0","47.0","0.0","9.38"
"9999 ramzan package check online cnic pakistan","0.0","41.0","0.0","10.46"
"pasban remittance scheme","0.0","40.0","0.0","10.35"
"786 portal","0.0","38.0","0.0","6.55"
"bisp office","0.0","33.0","0.0","9.52"
"nser survey","0.0","29.0","0.0","48.14"
"nser","0.0","25.0","0.0","31.36"
"bisp near me","0.0","24.0","0.0","10.08"
"bisp tehsil office","0.0","24.0","0.0","39.17"
"bioversys error meaning","0.0","23.0","0.0","7.7"
"bisp office korangi","0.0","23.0","0.0","7.91"
"national savings profit rates per month calculator","0.0","20.0","0.0","3.75"
"8171 tracking portal 2026","0.0","20.0","0.0","4.1"
"bisp office malir karachi","0.0","20.0","0.0","7.65"
"benazir office near me","0.0","19.0","0.0","9.21"
"bisp rawalpindi office","0.0","19.0","0.0","10.0"
"bisp registration check by cnic","0.0","19.0","0.0","43.47"
"benazir kafaalat 8171","0.0","18.0","0.0","5.5"
"8171 web portal","0.0","18.0","0.0","10.33"
"ehsaas programme","0.0","17.0","0.0","9.41"
"bisp office near federal b area karachi","0.0","16.0","0.0","4.94"
"benazir form","0.0","16.0","0.0","6.06"
"bisp location","0.0","15.0","0.0","8.07"
"-site:facebook.com -site:fb.me -site:youtube.com -site:youtu.be 
-site:youtube.be -site:twitter.com -site:instagram.com -site:tiktok.com 
-site:vm.tiktok.com -site:t.co -site:x.com -site:reddit.com ""acag""","0.0","15.0","0.0","8.53"
"national saving sisa profit rate","0.0","15.0","0.0","8.93"
"tehsil karachi","0.0","15.0","0.0","9.47"
"online registration bisp","0.0","14.0","0.0","55.36"
"bisp office near orangi town karachi","0.0","13.0","0.0","7.62"
"benazir income office near me","0.0","13.0","0.0","8.38"
"bisp online result","0.0","12.0","0.0","7.67"
"benazeer incom sport program office near me","0.0","12.0","0.0","7.75"
"bisp office timing 2026","0.0","12.0","0.0","7.92"
"bisp, divisional office faisalabad","0.0","12.0","0.0","8.83"
"bisp, regional office, punjab","0.0","12.0","0.0","9.42"
"benazir office rawalpindi","0.0","12.0","0.0","9.67"
"tehsildar office lahore","0.0","12.0","0.0","11.58"
"bisp registration online","0.0","12.0","0.0","47.67"
"bisp office timings","0.0","11.0","0.0","6.45"
"rehmat card helpline number","0.0","11.0","0.0","7.0"
"bisp center near me","0.0","11.0","0.0","7.73"
"benazir office faisalabad","0.0","11.0","0.0","10.18"
"bisp office rawalpindi location","0.0","11.0","0.0","10.82"
"bisp online registration","0.0","11.0","0.0","44.91"
"nser bisp","0.0","11.0","0.0","57.91"
"tehsil office rawalpindi contact number","0.0","10.0","0.0","6.0"
"bisp divisional office rawalpindi","0.0","10.0","0.0","8.8"
"benazir registration centre near me","0.0","10.0","0.0","10.1"
"bisp registration","0.0","10.0","0.0","53.3"
"wazir e azam scooty program","0.0","9.0","0.0","7.0"
"bisponline","0.0","9.0","0.0","7.33"
"bisp, regional office, punjab photos","0.0","9.0","0.0","7.67"
"20268171","0.0","9.0","0.0","7.89"
"pink bike scheme","0.0","9.0","0.0","8.78"
"bisp tehsil office near me","0.0","9.0","0.0","9.33"
"near bisp office","0.0","9.0","0.0","10.11"
"bisp office near kahna","0.0","9.0","0.0","10.22"
"bisp rawalpindi","0.0","9.0","0.0","10.78"
"wazir e azam petrol relief scheme","0.0","8.0","0.0","6.88"
"7181bisp","0.0","8.0","0.0","8.25"
"pasban remittance scheme app","0.0","8.0","0.0","9.25"
"ahsas tracking","0.0","8.0","0.0","9.62"
"benazir registration center near me","0.0","8.0","0.0","10.0"
"bisp registration office lahore","0.0","8.0","0.0","10.5"
"pasban remittance reward scheme","0.0","8.0","0.0","10.75"
"bisp office lahore","0.0","8.0","0.0","11.88"
"nser program","0.0","8.0","0.0","46.25"
"bisp registration check by cnic 2023","0.0","8.0","0.0","47.25"
"bisp office in faisalabad","0.0","7.0","0.0","3.43"
"7181 bisp","0.0","7.0","0.0","4.0"
"bisp office near model town, lahore","0.0","7.0","0.0","9.71"
"8171online","0.0","7.0","0.0","9.86"
"cm scooty scheme 2026","0.0","7.0","0.0","9.86"
"ehsas tracking","0.0","7.0","0.0","10.0"
"bisp office peshawar","0.0","7.0","0.0","10.43"
"what is dynamic registration in bisp","0.0","7.0","0.0","10.57"
"bisp retailer shop near me","0.0","7.0","0.0","10.71"
"benazir office peshawar","0.0","7.0","0.0","11.43"
"nser survey online registration check","0.0","7.0","0.0","40.86"
"nser online registration","0.0","7.0","0.0","43.29"
"kafalat program","0.0","7.0","0.0","51.0"
"bisp office near me faisalabad","0.0","6.0","0.0","3.67"
"cm rehmat card","0.0","6.0","0.0","4.67"
"cdns profit rates","0.0","6.0","0.0","6.67"
"7181 tracking","0.0","6.0","0.0","6.83"
"ramzan package 8171","0.0","6.0","0.0","11.5"
"government fuel subsidy options","0.0","5.0","0.0","4.0"
"tehsil office","0.0","5.0","0.0","4.2"
"bisp daftar location","0.0","5.0","0.0","4.6"
"wazir azam fuel subsidy","0.0","5.0","0.0","5.4"
"housing benefit","0.0","5.0","0.0","5.8"
"rahmat card helpline number","0.0","5.0","0.0","6.0"
"bisp tehsil office lahore","0.0","5.0","0.0","8.4"
"scooty scheme for women in punjab","0.0","5.0","0.0","8.4"
"pink scooty scheme check status","0.0","5.0","0.0","8.8"
"kafaalat","0.0","5.0","0.0","9.8"
"tehsil office near me","0.0","5.0","0.0","10.0"
"pasban remittance scheme prize pool","0.0","5.0","0.0","10.6"
"7181 balance check","0.0","5.0","0.0","10.8"
"ehsaas registration center rawalpindi","0.0","5.0","0.0","34.6"
"8171 registration online","0.0","5.0","0.0","41.8"
"benazir taleemi wazaif","0.0","5.0","0.0","44.6"
"kafalat","0.0","5.0","0.0","53.0"
"bisp survey documents","0.0","4.0","0.0","4.5"
"bisp office north nazimabad","0.0","4.0","0.0","5.25"
"nadra office tandlianwala","0.0","4.0","0.0","6.0"
"pink scooty scheme kpk","0.0","4.0","0.0","6.0"
"bisp faisalabad","0.0","4.0","0.0","6.25"
"total 8171","0.0","4.0","0.0","7.0"
"8171 se paise check karne ka tarika","0.0","4.0","0.0","7.75"
"prime minister youth loan scheme 2026 online apply","0.0","4.0","0.0","7.75"
"bisp office in rawalpindi","0.0","4.0","0.0","9.25"
"bisp office near johar town, lahore","0.0","4.0","0.0","9.75"
"8171online check","0.0","4.0","0.0","10.0"
"honahar scholarship 2026","0.0","4.0","0.0","10.0"
"bisp alfalah bank payment guide 2026","0.0","4.0","0.0","10.75"
"bisp checker","0.0","4.0","0.0","11.0"
"bisp lahore office address","0.0","4.0","0.0","12.5"
"bisp office lahore location","0.0","4.0","0.0","12.5"
"punjab land record online check by cnic","0.0","4.0","0.0","18.25"
"8171 online registration","0.0","4.0","0.0","37.25"
"8171 new registration process","0.0","4.0","0.0","39.25"
"8171 preparation point","0.0","4.0","0.0","47.5"
"benazir kafalat program","0.0","4.0","0.0","56.25"
"bewa sahara card punjab online apply last date 2026","0.0","3.0","0.0","1.0"
"scooty scheme by maryam nawaz 2026 apply online","0.0","3.0","0.0","1.0"
"tahsildar office near me","0.0","3.0","0.0","3.67"
"last date to apply for fuel allowance","0.0","3.0","0.0","4.33"
"bisp location near me","0.0","3.0","0.0","6.0"
"how to activate kisan card","0.0","3.0","0.0","6.33"
"pharm d","0.0","3.0","0.0","6.33"
"working women scooty scheme","0.0","3.0","0.0","7.67"
"what is pmt","0.0","3.0","0.0","8.33"
"111-742-111","0.0","3.0","0.0","9.0"
"paise check karna hai","0.0","3.0","0.0","9.0"
"karachi tehsil","0.0","3.0","0.0","9.33"
"which tehsil am i in","0.0","3.0","0.0","9.33"
"bisp online check result","0.0","3.0","0.0","9.67"
"ssc profit rates","0.0","3.0","0.0","10.0"
"8171online check cnic","0.0","3.0","0.0","10.67"
"bisp office township lahore","0.0","3.0","0.0","10.67"
"bisp shop near me","0.0","3.0","0.0","10.67"
"women scooty scheme 2026","0.0","3.0","0.0","11.0"
"pak here 8171","0.0","3.0","0.0","11.67"
"bisp payment center in lahore","0.0","3.0","0.0","12.0"
"national savings profit rates","0.0","3.0","0.0","13.67"
"8171","0.0","3.0","0.0","16.33"
"punjab zameen land record","0.0","3.0","0.0","23.0"
"lrmis punjab","0.0","3.0","0.0","26.33"
"punjab land record","0.0","3.0","0.0","27.67"
"ehsaas program office","0.0","3.0","0.0","37.0"
"pmt score bisp","0.0","3.0","0.0","37.33"
"nser registration check by cnic online","0.0","3.0","0.0","40.33"
"bisp 8171 online registration","0.0","3.0","0.0","43.67"
"8171 check online cnic","0.0","3.0","0.0","44.0"
"apnaghar.gov.pk pha.gov.pk","0.0","3.0","0.0","44.33"
"www.nser.nadra.gov.pk online registration","0.0","3.0","0.0","44.67"
"online cnic check","0.0","3.0","0.0","45.33"
"pmt score","0.0","3.0","0.0","49.67"
"cm punjab scholarship","0.0","3.0","0.0","53.33"
"nser registration","0.0","3.0","0.0","55.33"
"online cnic verification","0.0","3.0","0.0","55.67"
"ehsas kafalat","0.0","3.0","0.0","57.0"
"apna ghar","0.0","3.0","0.0","63.0"
"maryam nawaz scooty scheme 2026 online","0.0","2.0","0.0","1.0"
"national savings profit rates for pensioners","0.0","2.0","0.0","2.5"
"national database and registration authority 8171","0.0","2.0","0.0","3.5"
"7181 portal","0.0","2.0","0.0","4.0"
"bsp office near me","0.0","2.0","0.0","4.0"
"bisp atm withdrawals","0.0","2.0","0.0","4.5"
"bisp result check online","0.0","2.0","0.0","4.5"
"how to activate kisan debit card","0.0","2.0","0.0","5.0"
"prime minister youth program online apply 2026","0.0","2.0","0.0","5.5"
"bisp office location","0.0","2.0","0.0","6.0"
"wazir e azam petrol subsidy","0.0","2.0","0.0","6.0"
"bisp scheme 3 office","0.0","2.0","0.0","7.0"
"honhaar scholarship 2026 punjab students","0.0","2.0","0.0","7.5"
"tehsil contact number","0.0","2.0","0.0","7.5"
"honhaarscholarship.punjabhec.gov.pk 2026","0.0","2.0","0.0","8.0"
"wazir e azam e bike scheme","0.0","2.0","0.0","8.0"
"8771 portal online registration","0.0","2.0","0.0","8.5"
"benazir office location rawalpindi","0.0","2.0","0.0","8.5"
"pser registration form 8171","0.0","2.0","0.0","9.0"
"banzer incom sport office lahore","0.0","2.0","0.0","9.5"
"bisp branch near me","0.0","2.0","0.0","9.5"
"how to activate kisan card online","0.0","2.0","0.0","9.5"
"ahsaas tracking","0.0","2.0","0.0","10.0"
"check my land record online","0.0","2.0","0.0","10.0"
"banzer incom sport program office near me","0.0","2.0","0.0","10.5"
"bisp address","0.0","2.0","0.0","10.5"
"bisp registration office near me","0.0","2.0","0.0","10.5"
"cm punjab rehmat card 2026 online registration form","0.0","2.0","0.0","11.0"
"ehsaas tracking portal","0.0","2.0","0.0","11.0"
"pasban remittance registration","0.0","2.0","0.0","11.0"
"pasban remittance rewards scheme","0.0","2.0","0.0","11.0"
"bisp office in peshawar","0.0","2.0","0.0","12.0"
"9771","0.0","2.0","0.0","13.0"
"pasban remittance reward scheme limit","0.0","2.0","0.0","14.0"
"maryam nawaz bike scheme 2026","0.0","2.0","0.0","14.5"
"9771 petrol","0.0","2.0","0.0","18.0"
"bisp 8171 registration guide","0.0","2.0","0.0","20.5"
"lrms punjab","0.0","2.0","0.0","20.5"
"benazir kafaalat programme","0.0","2.0","0.0","21.5"
"punjab zameen records","0.0","2.0","0.0","25.5"
"housing pakistan","0.0","2.0","0.0","26.5"
"land record punjab 2019","0.0","2.0","0.0","28.0"
"mandarija","0.0","2.0","0.0","29.0"
"land record punjab 2020","0.0","2.0","0.0","32.0"
"land record punjab 2021","0.0","2.0","0.0","33.5"
"land record punjab online","0.0","2.0","0.0","36.5"
"how to register bisp","0.0","2.0","0.0","37.5"
"taleemi wazaif","0.0","2.0","0.0","39.0"
"site:.com ""mobile wallet"" (raast or cnic or ""mobile load"") -jobs -careers 
-wikipedia -reddit -crypto -""gift card""","0.0","2.0","0.0","40.0"
"bisp cnic verification","0.0","2.0","0.0","41.0"
"how to apply bisp online","0.0","2.0","0.0","41.0"
"how to check cnic balance","0.0","2.0","0.0","41.5"
"nser check online","0.0","2.0","0.0","42.0"
"punjab land record check online","0.0","2.0","0.0","43.5"
"petrol relief in pakistan","0.0","2.0","0.0","44.0"
"how to register for bisp","0.0","2.0","0.0","44.5"
"prime minister apna ghar scheme","0.0","2.0","0.0","44.5"
"nser ilmi","0.0","2.0","0.0","46.0"
"punjab land record search","0.0","2.0","0.0","46.5"
"bisp cnic check","0.0","2.0","0.0","47.5"
"bisp status check","0.0","2.0","0.0","48.0"
"bisp online check cnic","0.0","2.0","0.0","48.5"
"punjab land record check","0.0","2.0","0.0","49.0"
"benazir kafalat","0.0","2.0","0.0","50.0"
"how to check bisp by cnic","0.0","2.0","0.0","50.5"
"check land record by cnic","0.0","2.0","0.0","54.0"
"ehsaas tracking pass gov pk","0.0","2.0","0.0","54.0"
"8171 taleemi wazaif check online by cnic 2026","0.0","2.0","0.0","55.0"
"online cnic","0.0","2.0","0.0","61.5"
"pmt score check sindh","0.0","2.0","0.0","68.5"
"871","0.0","2.0","0.0","78.0"
"cash program","0.0","2.0","0.0","90.5"
"pkpapers ehsaas","0.0","2.0","0.0","93.0"
"bisp check balance online by cnic 2026","0.0","2.0","0.0","97.5"
"52 lac","0.0","1.0","0.0","1.0"
"bisp helpline number near faisalabad","0.0","1.0","0.0","1.0"
"cm merit scholarship 2026","0.0","1.0","0.0","1.0"
"how to calculate","0.0","1.0","0.0","1.0"
"maryam nawaz electric bike scheme 2026 apply online","0.0","1.0","0.0","1.0"
"maryam nawaz scooty scheme apply online 2026","0.0","1.0","0.0","1.0"
"non filer","0.0","1.0","0.0","1.0"
"office pic","0.0","1.0","0.0","1.0"
"pasban remittence scheme","0.0","1.0","0.0","1.0"
"picture do","0.0","1.0","0.0","1.0"
"please calculate","0.0","1.0","0.0","1.0"
"prime minister loan scheme 2026 apply online","0.0","1.0","0.0","1.0"
"rehmat card eligibility check","0.0","1.0","0.0","1.0"
"scooty scheme by maryam nawaz 2026 online apply","0.0","1.0","0.0","1.0"
"taleemi wazaif slip","0.0","1.0","0.0","1.0"
"वेबसाइट दिखाओ।","0.0","1.0","0.0","1.0"
"1 cr","0.0","1.0","0.0","2.0"
"10 year","0.0","1.0","0.0","2.0"
"100000","0.0","1.0","0.0","2.0"
"14","0.0","1.0","0.0","2.0"
"1600000","0.0","1.0","0.0","2.0"
"5000000","0.0","1.0","0.0","2.0"
"786","0.0","1.0","0.0","2.0"
"9","0.0","1.0","0.0","2.0"
"?","0.0","1.0","0.0","2.0"
"admission procedure","0.0","1.0","0.0","2.0"
"btao","0.0","1.0","0.0","2.0"
"error 99","0.0","1.0","0.0","2.0"
"female kota","0.0","1.0","0.0","2.0"
"g han","0.0","1.0","0.0","2.0"
"in urdu","0.0","1.0","0.0","2.0"
"koi aur","0.0","1.0","0.0","2.0"
"monthly calculation","0.0","1.0","0.0","2.0"
"of male","0.0","1.0","0.0","2.0"
"pave scheme 2026","0.0","1.0","0.0","2.0"
"pm youth loan scheme 2026","0.0","1.0","0.0","2.0"
"punjab faisalabad","0.0","1.0","0.0","2.0"
"rawalpindi union council list","0.0","1.0","0.0","2.0"
"what it means","0.0","1.0","0.0","2.0"
"yah kya hai","0.0","1.0","0.0","2.0"
"yes bank problem","0.0","1.0","0.0","2.0"
"1000000","0.0","1.0","0.0","3.0"
"3 cr","0.0","1.0","0.0","3.0"
"5000","0.0","1.0","0.0","3.0"
"786 web portal","0.0","1.0","0.0","3.0"
"aas status","0.0","1.0","0.0","3.0"
"ai57771","0.0","1.0","0.0","3.0"
"apply for pink scooty","0.0","1.0","0.0","3.0"
"bisp pmt score check online","0.0","1.0","0.0","3.0"
"i am stuck","0.0","1.0","0.0","3.0"
"national saving behbood rates","0.0","1.0","0.0","3.0"
"nishtar medical university","0.0","1.0","0.0","3.0"
"other schemes","0.0","1.0","0.0","3.0"
"pink","0.0","1.0","0.0","3.0"
"pm youth scheme 2026","0.0","1.0","0.0","3.0"
"rahmat card online check","0.0","1.0","0.0","3.0"
"saving rate in pakistan","0.0","1.0","0.0","3.0"
"what after 1 year","0.0","1.0","0.0","3.0"
"جی ھا","0.0","1.0","0.0","3.0"
"12000","0.0","1.0","0.0","4.0"
"2","0.0","1.0","0.0","4.0"
"38000","0.0","1.0","0.0","4.0"
"5lac","0.0","1.0","0.0","4.0"
"azizabad karachi","0.0","1.0","0.0","4.0"
"behbood saving certificate profit rates 2026 monthly calculator","0.0","1.0","0.0","4.0"
"bisp 8171","0.0","1.0","0.0","4.0"
"g","0.0","1.0","0.0","4.0"
"how to check the","0.0","1.0","0.0","4.0"
"lahore","0.0","1.0","0.0","4.0"
"national savings behbood profit rates","0.0","1.0","0.0","4.0"
"nearest bijli office","0.0","1.0","0.0","4.0"
"nearest tehsil office","0.0","1.0","0.0","4.0"
"p","0.0","1.0","0.0","4.0"
"prime minister loan scheme 2026 online apply","0.0","1.0","0.0","4.0"
"rehmat card web portal","0.0","1.0","0.0","4.0"
"tehseel","0.0","1.0","0.0","4.0"
"7181 web portal","0.0","1.0","0.0","5.0"
"bisp online apply","0.0","1.0","0.0","5.0"
"current profit rate of national savings","0.0","1.0","0.0","5.0"
"ehsaas status","0.0","1.0","0.0","5.0"
"ehsaas tracking id","0.0","1.0","0.0","5.0"
"give eg","0.0","1.0","0.0","5.0"
"govt subsidy","0.0","1.0","0.0","5.0"
"honhaar scholarship 2026","0.0","1.0","0.0","5.0"
"jamshed road","0.0","1.0","0.0","5.0"
"maryam nawaz scholarship program 2026 last date","0.0","1.0","0.0","5.0"
"national saving behbood certificate profit rate","0.0","1.0","0.0","5.0"
"nser pakistan","0.0","1.0","0.0","5.0"
"petrol subsidy start date","0.0","1.0","0.0","5.0"
"pinky scooty apply","0.0","1.0","0.0","5.0"
"punjab government scholarship for students","0.0","1.0","0.0","5.0"
"view beneficiary payment status","0.0","1.0","0.0","5.0"
"45 lacs","0.0","1.0","0.0","6.0"
"apna ghar govt scheme","0.0","1.0","0.0","6.0"
"benazir kafaalat program","0.0","1.0","0.0","6.0"
"bps status check","0.0","1.0","0.0","6.0"
"chief minister scholarship 2026","0.0","1.0","0.0","6.0"
"ehsaas apna ghar scheme online registration last","0.0","1.0","0.0","6.0"
"finger print scan","0.0","1.0","0.0","6.0"
"iqbal town","0.0","1.0","0.0","6.0"
"location","0.0","1.0","0.0","6.0"
"lrmis punjab online","0.0","1.0","0.0","6.0"
"nadra samundri timing","0.0","1.0","0.0","6.0"
"national savings current profit rates","0.0","1.0","0.0","6.0"
"pasban rewards program","0.0","1.0","0.0","6.0"
"what about 3 lakh","0.0","1.0","0.0","6.0"
"8171 portal","0.0","1.0","0.0","7.0"
"bisp nearest office","0.0","1.0","0.0","7.0"
"bisp verification slip pdf","0.0","1.0","0.0","7.0"
"bsp location","0.0","1.0","0.0","7.0"
"cm scooty scheme 2026 online apply","0.0","1.0","0.0","7.0"
"ehsas track","0.0","1.0","0.0","7.0"
"how it looks ?","0.0","1.0","0.0","7.0"
"petrol subsidy message","0.0","1.0","0.0","7.0"
"pink e bike scheme","0.0","1.0","0.0","7.0"
"smta pink scooty status check","0.0","1.0","0.0","7.0"
"urdu ma","0.0","1.0","0.0","7.0"
"wazir e azam petrol relief program","0.0","1.0","0.0","7.0"
"ai78671","0.0","1.0","0.0","8.0"
"bisp registration center near me","0.0","1.0","0.0","8.0"
"government scooty scheme 2026 online registration","0.0","1.0","0.0","8.0"
"how to register for petrol subsidy in pakistan","0.0","1.0","0.0","8.0"
"how to register in bisp online","0.0","1.0","0.0","8.0"
"if biometric is not matching what can i do","0.0","1.0","0.0","8.0"
"lahore office","0.0","1.0","0.0","8.0"
"pasban remittance rewards program","0.0","1.0","0.0","8.0"
"picture bejo","0.0","1.0","0.0","8.0"
"pink scooty scheme documents required","0.0","1.0","0.0","8.0"
"scooty scheme for girls","0.0","1.0","0.0","8.0"
"5771","0.0","1.0","0.0","9.0"
"8171 payment sim verification","0.0","1.0","0.0","9.0"
"check land record by cnic online","0.0","1.0","0.0","9.0"
"documents for scooty","0.0","1.0","0.0","9.0"
"government of pakistan 8171","0.0","1.0","0.0","9.0"
"honhaar scholarship 2026 apply online","0.0","1.0","0.0","9.0"
"in rawalpindi","0.0","1.0","0.0","9.0"
"kpk 8171","0.0","1.0","0.0","9.0"
"passban remittance scheme","0.0","1.0","0.0","9.0"
"punjab scooty scheme 2026 online registration","0.0","1.0","0.0","9.0"
"8171 ramzan package check 2026 online","0.0","1.0","0.0","10.0"
"atm se fingerprint se paise kaise nikale","0.0","1.0","0.0","10.0"
"benazir income support near me","0.0","1.0","0.0","10.0"
"bisp lahore result","0.0","1.0","0.0","10.0"
"bisp regional office punjab","0.0","1.0","0.0","10.0"
"bspr registration","0.0","1.0","0.0","10.0"
"cm punjab scooty scheme apply online 2026 online registration","0.0","1.0","0.0","10.0"
"cnic verification","0.0","1.0","0.0","10.0"
"ehsaas program 2021","0.0","1.0","0.0","10.0"
"grants for low income single mothers","0.0","1.0","0.0","10.0"
"how can i check my jamabandi online","0.0","1.0","0.0","10.0"
"how to check jamabandi online","0.0","1.0","0.0","10.0"
"national fuel allowance scheme","0.0","1.0","0.0","10.0"
"paise check karna","0.0","1.0","0.0","10.0"
"pasban scheme","0.0","1.0","0.0","10.0"
"prime minister loan scheme 2026 last date","0.0","1.0","0.0","10.0"
"sisa account profit rate","0.0","1.0","0.0","10.0"
"student scooty scheme 2026","0.0","1.0","0.0","10.0"
"wazir e azam apna ghar scheme online registration 2026","0.0","1.0","0.0","10.0"
"wazir e azam bike scheme","0.0","1.0","0.0","10.0"
"where is tehsildar office near me","0.0","1.0","0.0","10.0"
"8171 kisan card","0.0","1.0","0.0","11.0"
"8171online portal","0.0","1.0","0.0","11.0"
"amount status","0.0","1.0","0.0","11.0"
"bisp head office","0.0","1.0","0.0","11.0"
"cnic check online","0.0","1.0","0.0","11.0"
"ehsaas program office near me","0.0","1.0","0.0","11.0"
"ehsaastracking","0.0","1.0","0.0","11.0"
"honhar scholarship 2026","0.0","1.0","0.0","11.0"
"kapalat","0.0","1.0","0.0","11.0"
"karne ka tarika","0.0","1.0","0.0","11.0"
"kisan card pin generation","0.0","1.0","0.0","11.0"
"near tehsil office near me","0.0","1.0","0.0","11.0"
"pasbaan remittance scheme","0.0","1.0","0.0","11.0"
"pasban remitence scheme","0.0","1.0","0.0","11.0"
"pasban remittance reward scheme app","0.0","1.0","0.0","11.0"
"pasban remittance scheme pakistan","0.0","1.0","0.0","11.0"
"pasban remmitance scheme","0.0","1.0","0.0","11.0"
"petrol discount for bike scheme","0.0","1.0","0.0","11.0"
"prime minister scheme 2026","0.0","1.0","0.0","11.0"
"registrar office near me","0.0","1.0","0.0","11.0"
"rehmat card online registration 2026 last date","0.0","1.0","0.0","11.0"
"security card","0.0","1.0","0.0","11.0"
"tehsil near me","0.0","1.0","0.0","11.0"
"itu","0.0","1.0","0.0","12.0"
"پنجاب","0.0","1.0","0.0","12.0"
"rawalpindi","0.0","1.0","0.0","13.0"
"2026","0.0","1.0","0.0","14.0"
"bisp taleemi wazaif","0.0","1.0","0.0","14.0"
"ric profit rates","0.0","1.0","0.0","15.0"
"8645 code pakistan sms alerts","0.0","1.0","0.0","17.0"
"apna ghar scheme","0.0","1.0","0.0","18.0"
"pm fuel relief scheme","0.0","1.0","0.0","18.0"
"nser pmt score check","0.0","1.0","0.0","19.0"
"clrmis","0.0","1.0","0.0","20.0"
"punjab land record portal","0.0","1.0","0.0","20.0"
"bisp 8171 registration","0.0","1.0","0.0","23.0"
"bisp wazifa slip","0.0","1.0","0.0","23.0"
"gts.punjab.gov.pak","0.0","1.0","0.0","23.0"
"income eligibility threshold","0.0","1.0","0.0","23.0"
"pm apna ghar scheme","0.0","1.0","0.0","23.0"
"punjab record land","0.0","1.0","0.0","23.0"
"apna ghar loan","0.0","1.0","0.0","24.0"
"behbood saving certificate profit rates","0.0","1.0","0.0","24.0"
"13000 ramzan package how to check online","0.0","1.0","0.0","27.0"
"dynamic nser application","0.0","1.0","0.0","27.0"
"benazir benazir","0.0","1.0","0.0","28.0"
"faint fingerprint identification nadra","0.0","1.0","0.0","30.0"
"lrmis land record","0.0","1.0","0.0","30.0"
"pmt score nadra","0.0","1.0","0.0","30.0"
"wazir-e-azam apna ghar program","0.0","1.0","0.0","30.0"
"bisp karachi","0.0","1.0","0.0","31.0"
"check cnic from sim number","0.0","1.0","0.0","31.0"
"nphp com pk pmt","0.0","1.0","0.0","31.0"
"nser pmt score check by cnic","0.0","1.0","0.0","31.0"
"online registration bisp 2026","0.0","1.0","0.0","31.0"
"bisp register","0.0","1.0","0.0","33.0"
"bisp student slip","0.0","1.0","0.0","33.0"
"8171 check online cnic registration","0.0","1.0","0.0","35.0"
"bisp online registration check by cnic","0.0","1.0","0.0","35.0"
"8171 check online cnic 8171 portal","0.0","1.0","0.0","36.0"
"benazir taleemi wazaif program","0.0","1.0","0.0","37.0"
"8171 online check cnic","0.0","1.0","0.0","38.0"
"nser registration check by cnic","0.0","1.0","0.0","38.0"
"sah mahi meaning in urdu","0.0","1.0","0.0","38.0"
"wazir e azam apna ghar program","0.0","1.0","0.0","38.0"
"8171 online","0.0","1.0","0.0","39.0"
"bisp new registration","0.0","1.0","0.0","39.0"
"how to apply bisp","0.0","1.0","0.0","39.0"
"taleemi","0.0","1.0","0.0","39.0"
"bisp 8171 online registration process","0.0","1.0","0.0","40.0"
"how to register in bisp","0.0","1.0","0.0","41.0"
"land record punjab pakistan","0.0","1.0","0.0","41.0"
"www bisp gov pk online registration","0.0","1.0","0.0","41.0"
"bisp online registration 2026","0.0","1.0","0.0","42.0"
"can check","0.0","1.0","0.0","42.0"
"ministry of finance pakistan","0.0","1.0","0.0","42.0"
"bisp eligibility check","0.0","1.0","0.0","44.0"
"bisp tehsil office 8171","0.0","1.0","0.0","44.0"
"b-form nadra check online by cnic","0.0","1.0","0.0","45.0"
"bisp check cnic","0.0","1.0","0.0","45.0"
"bisp eligibility check online","0.0","1.0","0.0","45.0"
"check punjab land record online","0.0","1.0","0.0","45.0"
"plra online check","0.0","1.0","0.0","45.0"
"8171 check cnic","0.0","1.0","0.0","46.0"
"bisp verification","0.0","1.0","0.0","46.0"
"land record punjab online check by name","0.0","1.0","0.0","46.0"
"online check","0.0","1.0","0.0","46.0"
"online register benazir income support","0.0","1.0","0.0","46.0"
"9878","0.0","1.0","0.0","47.0"
"b form nadra check online by cnic","0.0","1.0","0.0","47.0"
"bisp check by cnic online","0.0","1.0","0.0","47.0"
"bisp cnic online check","0.0","1.0","0.0","47.0"
"pink scooty scheme apply online","0.0","1.0","0.0","47.0"
"7171","0.0","1.0","0.0","48.0"
"bisp check status","0.0","1.0","0.0","48.0"
"bisp registration check cnic","0.0","1.0","0.0","48.0"
"how to register in benazir income support","0.0","1.0","0.0","48.0"
"land record punjab online check","0.0","1.0","0.0","48.0"
"punjab land record online check","0.0","1.0","0.0","48.0"
"bisp check by cnic","0.0","1.0","0.0","49.0"
"online check land record punjab","0.0","1.0","0.0","49.0"
"1172","0.0","1.0","0.0","50.0"
"online bisp registration","0.0","1.0","0.0","50.0"
"state bank of pakistan","0.0","1.0","0.0","50.0"
"8171 check online 2022 by cnic","0.0","1.0","0.0","52.0"
"bise rwp contact number","0.0","1.0","0.0","52.0"
"nsir pakistan check online","0.0","1.0","0.0","52.0"
"b i s p online registration","0.0","1.0","0.0","53.0"
"ahsas kafalat","0.0","1.0","0.0","54.0"
"benazir hari card check online by cnic","0.0","1.0","0.0","54.0"
"8011 sms code","0.0","1.0","0.0","55.0"
"8171 ehsaas program check cnic online new web portal احساس پروگرام ویب 
پورٹل 2025 chek in google","0.0","1.0","0.0","55.0"
"ehsaas kafalat","0.0","1.0","0.0","55.0"
"ehsaas program kafalat","0.0","1.0","0.0","55.0"
"bisp program online registration","0.0","1.0","0.0","56.0"
"ehsaas tracking pass gov pk 8171","0.0","1.0","0.0","56.0"
"how to check cnic for benazir income support","0.0","1.0","0.0","56.0"
"rozgar scheme","0.0","1.0","0.0","56.0"
"benazir income support programme check cnic","0.0","1.0","0.0","57.0"
"land record punjab","0.0","1.0","0.0","57.0"
"8011","0.0","1.0","0.0","58.0"
"how to register benazir income support programme online","0.0","1.0","0.0","58.0"
"nphp online registration","0.0","1.0","0.0","58.0"
"property verification online by cnic punjab","0.0","1.0","0.0","62.0"
"benazir nashonuma","0.0","1.0","0.0","66.0"
"bewa kafalat program","0.0","1.0","0.0","67.0"
"easypaisa fraud","0.0","1.0","0.0","69.0"
"bisp sim","0.0","1.0","0.0","70.0"
"udyogini rojgar yojana mp 2026","0.0","1.0","0.0","70.0"
"waseela taleem","0.0","1.0","0.0","71.0"
"youth business loan scheme","0.0","1.0","0.0","71.0"
"bisp 8171 result check online by cnic","0.0","1.0","0.0","75.0"
"bisp 8171 online check balance","0.0","1.0","0.0","79.0"
"waseela taleem program","0.0","1.0","0.0","79.0"
"bisp check balance online by cnic 2026 and withdrawal 13,500","0.0","1.0","0.0","80.0"
"8071","0.0","1.0","0.0","82.0"
"pmrrp.nitb.gov.pk","0.0","1.0","0.0","82.0"
"wazir azam apna ghar scheme","0.0","1.0","0.0","87.0"
"bisp interface check","0.0","1.0","0.0","89.0"
"nser meaning","0.0","1.0","0.0","89.0"
"8717","0.0","1.0","0.0","95.0"
"government loan scheme 2026","0.0","1.0","0.0","95.0"
"8171.pass.gov.pk","0.0","1.0","0.0","97.0"
"bisp beneficiary verification","0.0","1.0","0.0","99.0"
"national housing authority","0.0","1.0","0.0","111.0"